snr,psf_ratio,elongation,compactness,sharpness,n_comparison_stars,candidate_score,plate_quality_GOOD,plate_quality_MODERATE,plate_low_snr_frac,plate_snr_std,plate_elongation_mean,plate_n_high_snr,red_fits_snr,red_fits_fwhm,red_ellipticity,red_sharpness_2nd,red_n_connected_px,red_aperture_flux,red_dist_to_edge_px,red_symmetry_score,red_gradient_magnitude,red_near_bright_star,label
6.9035471068959255,0.8660254037844386,4.203329378654816,0.2230716677105178,0.1242027800490596,20.0,45.0,0.0,1.0,0.0,0.0,0.0,0.0,10.626987183064694,3.742410318509555,0.19682298170107915,1473.2943444617179,20.0,49342.5,258.0,0.30984965542943943,18783.475683573775,0.0,1
4.221725322933114,0.0,2.65728264400584,0.1260515570884793,0.0931550106807838,0.0,25.0,1.0,0.0,0.0,0.0,0.0,0.0,10.626987183064694,3.742410318509555,0.19682298170107915,1473.2943444617179,20.0,49342.5,258.0,0.30984965542943943,18783.475683573775,0.0,1
0.0,0.0,0.0,0.0,0.0,0.0,50.0,1.0,0.0,0.0,0.0,0.0,0.0,10.626987183064694,3.742410318509555,0.19682298170107915,1473.2943444617179,20.0,49342.5,258.0,0.30984965542943943,18783.475683573775,0.0,1
23.054843750305995,0.7620999227554986,2.559839417779508,0.1551403779550515,0.1724458972979683,20.0,70.0,1.0,0.0,0.0,0.0,0.0,0.0,10.626987183064694,3.742410318509555,0.19682298170107915,1473.2943444617179,20.0,49342.5,258.0,0.30984965542943943,18783.475683573775,0.0,1
6.395750021249656,0.8038475772933681,2.009785996575576,0.2454369260617026,0.2778106508875739,20.0,65.0,1.0,0.0,0.0,0.0,0.0,0.0,10.626987183064694,3.742410318509555,0.19682298170107915,1473.2943444617179,20.0,49342.5,258.0,0.30984965542943943,18783.475683573775,0.0,1
30.850757435079725,0.9442719099991588,1.9978327081401803,0.2129260181386661,0.0431054104352715,20.0,60.0,0.0,1.0,0.0,0.0,0.0,0.0,10.626987183064694,3.742410318509555,0.19682298170107915,1473.2943444617179,20.0,49342.5,258.0,0.30984965542943943,18783.475683573775,0.0,1
52.19554568832197,0.9054718649081258,7.621625395816048,0.2523717090141385,0.1490821435193769,20.0,50.0,0.0,1.0,0.0,0.0,0.0,0.0,10.626987183064694,3.742410318509555,0.19682298170107915,1473.2943444617179,20.0,49342.5,258.0,0.30984965542943943,18783.475683573775,0.0,1
0.0,0.0,0.0,0.0,0.0,0.0,50.0,1.0,0.0,0.0,0.0,0.0,0.0,10.626987183064694,3.742410318509555,0.19682298170107915,1473.2943444617179,20.0,49342.5,258.0,0.30984965542943943,18783.475683573775,0.0,1
0.0,0.0,0.0,0.0,0.0,0.0,50.0,1.0,0.0,0.0,0.0,0.0,0.0,10.626987183064694,3.742410318509555,0.19682298170107915,1473.2943444617179,20.0,49342.5,258.0,0.30984965542943943,18783.475683573775,0.0,1
24.58626792242504,0.8660254037844387,3.2122953624807664,0.1427996660722633,0.1305822401267086,20.0,60.0,0.0,1.0,0.0,0.0,0.0,0.0,10.626987183064694,3.742410318509555,0.19682298170107915,1473.2943444617179,20.0,49342.5,258.0,0.30984965542943943,18783.475683573775,0.0,1
13.190786811908865,0.8660254037844387,6.121732598992126,0.3490658503988659,0.225391469394211,20.0,35.0,0.0,1.0,0.0,0.0,0.0,0.0,10.626987183064694,3.742410318509555,0.19682298170107915,1473.2943444617179,20.0,49342.5,258.0,0.30984965542943943,18783.475683573775,0.0,1
56.73870151463058,1.2909944487358058,1.1758145587066045,0.1361356816555577,0.0805755147160425,0.0,50.0,1.0,0.0,1.0,0.0,0.0,0.0,15.07982538242682,3.5682482323055424,0.11190833228146135,1584.4782482432156,19.0,108198.0,265.0,0.4806677945859874,24971.351916242722,0.0,1
27.131545372284588,0.7071067811865476,11.389092189121346,0.2577087723647877,0.1401986566389172,20.0,35.0,0.0,1.0,0.0,0.0,0.0,0.0,10.626987183064694,3.742410318509555,0.19682298170107915,1473.2943444617179,20.0,49342.5,258.0,0.30984965542943943,18783.475683573775,0.0,1
11.666821508455255,0.4330127018922193,1.047207872574401,0.1298178782475121,0.1121449291226533,20.0,55.0,0.0,1.0,0.0,0.0,0.0,0.0,10.626987183064694,3.742410318509555,0.19682298170107915,1473.2943444617179,20.0,49342.5,258.0,0.30984965542943943,18783.475683573775,0.0,1
16.48400951853722,1.118033988749895,1.0321507560966148,0.1531573112927247,0.0459574901707696,0.0,50.0,1.0,0.0,1.0,0.0,0.0,0.0,10.14314375559202,5.046265044040321,0.09501593843557454,1845.7924409959687,28.0,50975.0,264.0,0.3356992384936617,14469.009386364303,0.0,1
14.161739701232852,0.8177634621393245,4.800567378571915,0.2373647782712288,0.1198320925075241,0.0,50.0,1.0,0.0,1.0,0.0,0.0,0.0,8.870704222301883,2.763953195770684,0.1071596987498653,725.4304896498745,9.0,36126.0,264.0,0.3553241061770175,8343.455183220236,0.0,1
35.634043588480345,0.7905694150420949,4.711614004159336,0.2327105669325772,0.1130273642596825,20.0,60.0,0.0,1.0,0.0,0.0,0.0,0.0,10.626987183064694,3.742410318509555,0.19682298170107915,1473.2943444617179,20.0,49342.5,258.0,0.30984965542943943,18783.475683573775,0.0,1
14.253870574011248,0.6123724356957945,1.46869358073959,0.180641577581413,0.097041867498346,20.0,45.0,1.0,0.0,0.0,0.0,0.0,0.0,10.626987183064694,3.742410318509555,0.19682298170107915,1473.2943444617179,20.0,49342.5,258.0,0.30984965542943943,18783.475683573775,0.0,1
17.41211974084295,0.8799971911045603,1.1960914361583783,0.1158018695140113,0.0945205801462119,20.0,70.0,0.0,1.0,0.0,0.0,0.0,0.0,10.626987183064694,3.742410318509555,0.19682298170107915,1473.2943444617179,20.0,49342.5,258.0,0.30984965542943943,18783.475683573775,0.0,1
0.0,0.0,0.0,0.0,0.0,0.0,50.0,0.0,1.0,0.0,0.0,0.0,0.0,10.626987183064694,3.742410318509555,0.19682298170107915,1473.2943444617179,20.0,49342.5,258.0,0.30984965542943943,18783.475683573775,0.0,1
28.563316479963127,1.0,2.3666728246170625,0.2154727471597937,0.0580713447950339,20.0,35.0,0.0,1.0,0.0,0.0,0.0,0.0,10.626987183064694,3.742410318509555,0.19682298170107915,1473.2943444617179,20.0,49342.5,258.0,0.30984965542943943,18783.475683573775,0.0,1
29.35295812655822,0.5,4.616870403879489,0.3455751918948772,0.3029091410450848,20.0,45.0,0.0,1.0,0.0,0.0,0.0,0.0,10.626987183064694,3.742410318509555,0.19682298170107915,1473.2943444617179,20.0,49342.5,258.0,0.30984965542943943,18783.475683573775,0.0,1
0.0,0.0,0.0,0.0,0.0,0.0,0.0,0.0,0.0,0.0,0.0,0.0,0.0,10.626987183064694,3.742410318509555,0.19682298170107915,1473.2943444617179,20.0,49342.5,258.0,0.30984965542943943,18783.475683573775,0.0,1
0.0,0.0,0.0,0.0,0.0,0.0,0.0,0.0,0.0,0.0,0.0,0.0,0.0,10.626987183064694,3.742410318509555,0.19682298170107915,1473.2943444617179,20.0,49342.5,258.0,0.30984965542943943,18783.475683573775,0.0,1
0.0,0.0,0.0,0.0,0.0,0.0,0.0,0.0,0.0,0.0,0.0,0.0,0.0,10.626987183064694,3.742410318509555,0.19682298170107915,1473.2943444617179,20.0,49342.5,258.0,0.30984965542943943,18783.475683573775,0.0,1
8.997965884224385,0.8660254037844387,2.2647144930198624,0.2077086051960193,0.2382385730211817,20.0,40.0,0.0,1.0,0.0,0.0,0.0,0.0,10.626987183064694,3.742410318509555,0.19682298170107915,1473.2943444617179,20.0,49342.5,258.0,0.30984965542943943,18783.475683573775,0.0,1
23.05743941810354,0.5773502691896258,2.013134683194816,0.1043106935762236,0.0870528161432218,20.0,45.0,0.0,1.0,0.0,0.0,0.0,0.0,10.626987183064694,3.742410318509555,0.19682298170107915,1473.2943444617179,20.0,49342.5,258.0,0.30984965542943943,18783.475683573775,0.0,1
19.716520960607088,1.0,2.2879768752412866,0.1158018695140113,0.0885133109249001,20.0,35.0,0.0,1.0,0.0,0.0,0.0,0.0,10.626987183064694,3.742410318509555,0.19682298170107915,1473.2943444617179,20.0,49342.5,258.0,0.30984965542943943,18783.475683573775,0.0,1
16.91508352276536,1.1983052175843252,1.2514468755732435,0.545235088639551,0.0899187592319054,20.0,70.0,0.0,1.0,0.0,0.0,0.0,0.0,10.626987183064694,3.742410318509555,0.19682298170107915,1473.2943444617179,20.0,49342.5,258.0,0.30984965542943943,18783.475683573775,0.0,1
3.3779034877897747,0.0,5.779273310719954,0.4363323129985824,0.2028513238289205,0.0,45.0,0.0,1.0,0.0,0.0,0.0,0.0,10.626987183064694,3.742410318509555,0.19682298170107915,1473.2943444617179,20.0,49342.5,258.0,0.30984965542943943,18783.475683573775,0.0,1
0.0,0.0,0.0,0.0,0.0,0.0,50.0,1.0,0.0,1.0,0.0,0.0,0.0,12.870415558813297,3.5682482323055424,0.13413255716565076,1122.1157338134976,23.0,55362.0,265.0,0.31477125301170483,15093.620690584157,0.0,1
15.137869975918946,0.7071067811865475,1.6396130812980958,0.196349540849362,0.2856639040733557,20.0,55.0,0.0,1.0,0.0,0.0,0.0,0.0,10.626987183064694,3.742410318509555,0.19682298170107915,1473.2943444617179,20.0,49342.5,258.0,0.30984965542943943,18783.475683573775,0.0,1
6.392650037376946,0.6123724356957945,3.83614700346227,0.1884955592153875,0.2605011053795136,20.0,65.0,1.0,0.0,0.0,0.0,0.0,0.0,10.626987183064694,3.742410318509555,0.19682298170107915,1473.2943444617179,20.0,49342.5,258.0,0.30984965542943943,18783.475683573775,0.0,1
0.0,0.0,0.0,0.0,0.0,0.0,50.0,0.0,1.0,0.0,0.0,0.0,0.0,10.626987183064694,3.742410318509555,0.19682298170107915,1473.2943444617179,20.0,49342.5,258.0,0.30984965542943943,18783.475683573775,0.0,1
23.93571519888224,0.6677010708443785,6.8174102322405865,0.1939254724438144,0.1602584376270727,0.0,50.0,1.0,0.0,1.0,0.0,0.0,0.0,7.735667204083299,1.9544100476116797,0.0995094914016631,448.5457267564837,7.0,26403.0,264.0,0.32260198353729297,5584.460043911552,0.0,1
0.0,0.0,0.0,0.0,0.0,0.0,50.0,0.0,1.0,0.0,0.0,0.0,0.0,10.626987183064694,3.742410318509555,0.19682298170107915,1473.2943444617179,20.0,49342.5,258.0,0.30984965542943943,18783.475683573775,0.0,1
16.146138287338452,0.7071067811865475,2.5235453458875923,0.1396263401595463,0.2834858441319167,20.0,45.0,0.0,1.0,0.0,0.0,0.0,0.0,10.626987183064694,3.742410318509555,0.19682298170107915,1473.2943444617179,20.0,49342.5,258.0,0.30984965542943943,18783.475683573775,0.0,1
15.85902833755066,0.75,1.9886626901987576,0.1168360904227609,0.1527060103345118,20.0,55.0,0.0,1.0,0.0,0.0,0.0,0.0,10.626987183064694,3.742410318509555,0.19682298170107915,1473.2943444617179,20.0,49342.5,258.0,0.30984965542943943,18783.475683573775,0.0,1
14.93349148914864,0.8799971911045603,2.973919943414901,0.1161831602658947,0.0949449406052198,20.0,25.0,0.0,1.0,0.0,0.0,0.0,0.0,10.626987183064694,3.742410318509555,0.19682298170107915,1473.2943444617179,20.0,49342.5,258.0,0.30984965542943943,18783.475683573775,0.0,1
0.0,0.0,0.0,0.0,0.0,0.0,50.0,0.0,1.0,0.0,0.0,0.0,0.0,10.626987183064694,3.742410318509555,0.19682298170107915,1473.2943444617179,20.0,49342.5,258.0,0.30984965542943943,18783.475683573775,0.0,1
0.0,0.0,0.0,0.0,0.0,0.0,50.0,0.0,1.0,0.0,0.0,0.0,0.0,10.626987183064694,3.742410318509555,0.19682298170107915,1473.2943444617179,20.0,49342.5,258.0,0.30984965542943943,18783.475683573775,0.0,1
17.728806372203408,1.0,3.0842649697030144,0.1827519272171348,0.1150501672240802,19.0,25.0,0.0,1.0,0.0,0.0,0.0,0.0,10.626987183064694,3.742410318509555,0.19682298170107915,1473.2943444617179,20.0,49342.5,258.0,0.30984965542943943,18783.475683573775,0.0,1
8.296468996225062,0.8660254037844386,1.6711606474752838,0.1178097245096172,0.1192063492063492,20.0,55.0,0.0,1.0,0.0,0.0,0.0,0.0,10.626987183064694,3.742410318509555,0.19682298170107915,1473.2943444617179,20.0,49342.5,258.0,0.30984965542943943,18783.475683573775,0.0,1
20.245227892459912,0.5773502691896258,1.6133849981045254,0.2617993877991494,0.2499046456632847,20.0,55.0,0.0,1.0,0.0,0.0,0.0,0.0,10.626987183064694,3.742410318509555,0.19682298170107915,1473.2943444617179,20.0,49342.5,258.0,0.30984965542943943,18783.475683573775,0.0,1
19.22926075009237,0.4721359549995794,1.5192187410424265,0.1218346181447565,0.2453134153485647,20.0,55.0,0.0,1.0,0.0,0.0,0.0,0.0,10.626987183064694,3.742410318509555,0.19682298170107915,1473.2943444617179,20.0,49342.5,258.0,0.30984965542943943,18783.475683573775,0.0,1
24.10113083605757,1.224744871391589,1.6165747423497134,0.1442420869416801,0.0530877895112238,0.0,50.0,1.0,0.0,1.0,0.0,0.0,0.0,12.481330982178147,4.222008245644752,0.030833480628089882,1405.4219734188373,28.0,35214.0,260.0,0.29197554301575057,11990.050946962912,0.0,1
47.55561033513859,1.0606601717798212,1.4608334945793338,0.1111982625924365,0.0238823827592119,20.0,60.0,0.0,1.0,0.0,0.0,0.0,0.0,10.626987183064694,3.742410318509555,0.19682298170107915,1473.2943444617179,20.0,49342.5,258.0,0.30984965542943943,18783.475683573775,0.0,1
11.949671364896284,0.75,2.127321730345243,0.1036289243371633,0.1179950565257911,20.0,70.0,0.0,1.0,0.0,0.0,0.0,0.0,10.626987183064694,3.742410318509555,0.19682298170107915,1473.2943444617179,20.0,49342.5,258.0,0.30984965542943943,18783.475683573775,0.0,1
13.047007589676186,0.75,6.549644844542994,0.4417864669110646,0.2281553398058252,20.0,55.0,0.0,1.0,0.0,0.0,0.0,0.0,10.626987183064694,3.742410318509555,0.19682298170107915,1473.2943444617179,20.0,49342.5,258.0,0.30984965542943943,18783.475683573775,0.0,1
21.87615461502049,0.9282032302755092,1.2393278361485245,0.5890486225480862,0.1863370034125298,0.0,50.0,1.0,0.0,1.0,0.0,0.0,0.0,7.745850700170746,2.256758334191025,0.2276470011377737,447.8635687734291,6.0,23513.0,265.0,0.34742112909921163,6547.483822549487,0.0,1
13.257569283662209,0.8660254037844387,1.394118800904487,0.1304467537822751,0.1852746993633577,20.0,55.0,0.0,1.0,0.0,0.0,0.0,0.0,10.626987183064694,3.742410318509555,0.19682298170107915,1473.2943444617179,20.0,49342.5,258.0,0.30984965542943943,18783.475683573775,0.0,1
39.48424440174298,0.8660254037844387,4.0778887229133245,0.5026548245743669,0.1996922693059425,20.0,70.0,0.0,0.0,0.0,0.0,0.0,0.0,10.626987183064694,3.742410318509555,0.19682298170107915,1473.2943444617179,20.0,49342.5,258.0,0.30984965542943943,18783.475683573775,0.0,1
5.262021733054636,0.75,1.4744336118289132,0.2199114857512855,0.201412429378531,20.0,75.0,1.0,0.0,0.0,0.0,0.0,0.0,10.626987183064694,3.742410318509555,0.19682298170107915,1473.2943444617179,20.0,49342.5,258.0,0.30984965542943943,18783.475683573775,0.0,1
20.659880133724613,0.75,5.17020735613632,0.3769911184307751,0.1863799283154122,20.0,80.0,1.0,0.0,0.0,0.0,0.0,0.0,10.626987183064694,3.742410318509555,0.19682298170107915,1473.2943444617179,20.0,49342.5,258.0,0.30984965542943943,18783.475683573775,0.0,1
32.368786123467274,0.757874763926024,2.525873669545207,0.1249741933526804,0.121992609826194,20.0,35.0,0.0,1.0,0.0,0.0,0.0,0.0,10.626987183064694,3.742410318509555,0.19682298170107915,1473.2943444617179,20.0,49342.5,258.0,0.30984965542943943,18783.475683573775,0.0,1
26.96878725382556,0.75,1.9028057230354705,0.1780948216320744,0.0975070390197334,20.0,70.0,0.0,1.0,0.0,0.0,0.0,0.0,10.626987183064694,3.742410318509555,0.19682298170107915,1473.2943444617179,20.0,49342.5,258.0,0.30984965542943943,18783.475683573775,0.0,1
67.15134172533094,1.1547005383792517,1.898266639147533,0.1495106557330062,0.0622660953517383,20.0,50.0,0.0,1.0,0.0,0.0,0.0,0.0,10.626987183064694,3.742410318509555,0.19682298170107915,1473.2943444617179,20.0,49342.5,258.0,0.30984965542943943,18783.475683573775,0.0,1
27.271321178261136,1.118033988749895,2.090795741277367,0.1104187894118861,0.0339780973155856,0.0,50.0,1.0,0.0,1.0,0.0,0.0,0.0,14.846023741155147,5.970821321441846,0.1422537145700008,2123.487706065132,45.0,33184.0,264.0,0.23863473694911197,16443.483536955504,0.0,1
41.07577846645701,1.25,1.3508096428334475,0.0749072652249218,0.0383943573551948,20.0,95.0,0.0,1.0,0.0,0.0,0.0,0.0,10.626987183064694,3.742410318509555,0.19682298170107915,1473.2943444617179,20.0,49342.5,258.0,0.30984965542943943,18783.475683573775,0.0,1
33.62469017579457,0.9282032302755092,2.951716548826981,0.3005844822879123,0.0915554265815438,0.0,50.0,1.0,0.0,0.9949238578680203,2.844894437385736,0.005780059941664595,1.0,16.72973237276303,2.985410660720923,0.11468166192569818,1499.7468224132767,19.0,54704.0,265.0,0.3364310897778794,22974.053066358127,0.0,1
13.474403307893777,0.8038475772933681,1.777710188001718,0.2208932334555323,0.1223558433549182,20.0,35.0,0.0,1.0,0.0,0.0,0.0,0.0,10.626987183064694,3.742410318509555,0.19682298170107915,1473.2943444617179,20.0,49342.5,258.0,0.30984965542943943,18783.475683573775,0.0,1
41.10843545449535,0.8660254037844387,1.147078669352809,0.7363107781851077,0.1883957186914192,20.0,100.0,0.0,1.0,0.0,0.0,0.0,0.0,10.626987183064694,3.742410318509555,0.19682298170107915,1473.2943444617179,20.0,49342.5,258.0,0.30984965542943943,18783.475683573775,0.0,1
30.292360728649804,1.0,1.4750610085786269,0.2826346331949295,0.1181909794095217,20.0,35.0,0.0,1.0,0.0,0.0,0.0,0.0,10.626987183064694,3.742410318509555,0.19682298170107915,1473.2943444617179,20.0,49342.5,258.0,0.30984965542943943,18783.475683573775,0.0,1
11.47887998583719,0.8660254037844386,4.449059876628275,0.239152381934171,0.1125019933025035,20.0,25.0,1.0,0.0,0.0,0.0,0.0,0.0,10.626987183064694,3.742410318509555,0.19682298170107915,1473.2943444617179,20.0,49342.5,258.0,0.30984965542943943,18783.475683573775,0.0,1
8.984564184842109,0.8177634621393245,8.103529565059615,0.2094395102393195,0.1244609665427509,20.0,35.0,1.0,0.0,0.9959677419354839,0.5705203962581555,0.032675522439756514,0.0,15.16931145443508,2.763953195770684,0.07998932054447994,1389.3903157759953,15.0,62162.0,264.0,0.3495778435322354,18544.582754051582,0.0,1
26.595870585439897,0.0,1.4972875546080897,0.1376885019834825,0.0413825272856364,0.0,35.0,1.0,0.0,0.9743589743589743,4.258747655685512,0.03839198857969461,1.0,7.1684421599771895,5.527906391541368,0.17918180975393538,1632.084464378964,26.0,26856.0,249.0,0.23570026677948985,24784.730100080702,0.0,0
19.967819837925965,0.0,1.8482332730727813,0.0849538305459652,0.0552531488575917,0.0,35.0,1.0,0.0,0.975,3.488119286514681,0.05425506177153785,2.0,7.792967043747889,8.136857890256438,0.33489264348213355,4081.969446693418,73.0,70087.0,249.0,0.17983482040333765,26859.61415655376,0.0,0
7.167772569543243,0.7082039324993691,3.332326656250195,0.3926990816987241,0.1914818310523832,20.0,35.0,1.0,0.0,0.9886792452830189,3.0538202250283284,0.03268422441773524,2.0,8.231568550026196,3.9088200952233594,0.129508549647266,1192.9886246764024,19.0,67203.0,264.0,0.395023421339211,12242.49326322702,0.0,0
4.146973778682135,0.0,1.5648353486919773,0.1066590098440979,0.1117059243397573,0.0,30.0,1.0,0.0,0.9886792452830189,3.0538202250283284,0.03268422441773524,2.0,15.21572059757842,3.1915382432114616,0.5251810882933476,867.0259313530969,19.0,64934.0,245.0,0.34240188720847775,21987.365115263412,1.0,1
4.030715049550588,0.0,1.5402855818010668,0.1396263401595463,0.1201400175021877,0.0,30.0,1.0,0.0,0.9955056179775281,1.5125317324912275,0.02253755838230478,1.0,14.81360050355933,2.985410660720923,0.16259911716925435,1120.9033564252084,21.0,47365.0,265.0,0.3453741059270773,13366.611452515528,0.0,0
3.6406458512069824,0.0,1.487381328253505,0.1282282715750936,0.134261407579273,0.0,30.0,1.0,0.0,0.9955056179775281,1.5125317324912275,0.02253755838230478,1.0,15.681957117920891,4.51351666838205,0.24593082853333348,1931.4175496712462,29.0,47515.0,251.0,0.2888198374572257,22174.467758482373,1.0,0
28.04353244243544,1.4354816636238026,1.2115062161285162,0.0548119930378384,0.0362185642567033,20.0,25.0,1.0,0.0,0.9493670886075949,5.439154006628006,0.12456226500985719,4.0,8.003050716492675,3.742410318509555,0.185143129901864,2122.9323720955895,14.0,64342.0,250.0,0.31040237102395474,22918.015032111354,0.0,0
37.94426995183599,0.0,2.024050799238991,0.1240325925971091,0.0460141114388627,0.0,20.0,0.0,1.0,0.9830508474576272,4.939923182991926,0.0343059457498134,1.0,7.988025615165286,7.136496464611085,0.3117308741507637,5584.365136967084,50.0,88117.0,256.0,0.22544049692033863,28805.14232492913,0.0,0
23.27966156386663,1.0851221410119587,2.9455817363943977,0.1817450295465169,0.0931243054163857,20.0,20.0,1.0,0.0,0.9493670886075949,5.439154006628006,0.12456226500985719,4.0,11.693776308343322,3.385137501286538,0.11488033550054055,1915.4514729894706,15.0,99094.0,264.0,0.3665669986101726,25938.654439022906,0.0,1
23.288770303596205,1.0851221410119587,3.898520076624575,0.2137137859584893,0.0805459514377298,20.0,20.0,1.0,0.0,0.9493670886075949,5.439154006628006,0.12456226500985719,4.0,11.394001844820068,3.742410318509555,0.056019483392022784,2041.1760899748012,18.0,93967.0,265.0,0.3536601356594231,25015.055098735676,0.0,0
38.798892160004286,1.0557280900008412,3.928699679818263,0.1982349273870102,0.0550201835255318,20.0,20.0,1.0,0.0,0.996415770609319,2.3405394378702122,0.02146269039745883,1.0,22.82708060235759,4.652426491681278,0.3068484504215502,2008.476260042745,36.0,81188.0,250.0,0.3255011774950032,23463.03228190026,1.0,0
15.382598869885207,0.8944271909999159,2.244042319206794,0.1413716694115407,0.1292703459347285,20.0,20.0,1.0,0.0,0.9896907216494846,1.7502032725194947,0.022585875779907106,2.0,10.278285757171277,2.763953195770684,0.1266752667081038,1658.5117961467417,13.0,60294.0,264.0,0.31416624572037954,12733.457647676929,0.0,0
39.19346070084463,0.8660254037844386,3.3085957551233376,0.2726175443197755,0.081053643941013,20.0,20.0,1.0,0.0,0.9918864097363083,2.229382231962472,0.038658653106512765,3.0,15.605859721303247,3.9088200952233594,0.2610517116065013,1537.9923043262738,44.0,69815.0,265.0,0.30193752030371956,14995.534591374402,1.0,0
41.21098147901155,0.8944271909999159,3.141148027995361,0.0908725147732584,0.0768462714761176,20.0,20.0,1.0,0.0,0.9844961240310077,4.2162183369923785,0.0692409394049097,2.0,7.164724668200039,2.985410660720923,0.07161099402625859,759.6170985487225,7.0,28066.0,264.0,0.33813245148377014,7775.52404710277,0.0,1
42.13224135787759,0.0,2.2167450686199865,0.1667234394725072,0.0882113144029386,0.0,20.0,0.0,1.0,0.98989898989899,4.234449580629512,0.022391364329494814,1.0,7.749291837018467,3.742410318509555,0.452981569389469,1841.5069497175843,14.0,39453.0,253.0,0.22342532551617678,24465.372584423134,0.0,1
61.28100352630766,1.2569973505872798,4.422629200601718,0.2463008640414397,0.0566499861898649,20.0,20.0,0.0,1.0,0.9915254237288136,5.641373640565648,0.037479908479675576,1.0,12.117525944940924,3.385137501286538,0.0655719316380815,1915.840519285378,14.0,129138.0,265.0,0.4758541928278882,30811.62815957572,0.0,0
48.66400859137215,1.1803398874989484,2.5245067974519526,0.2991993003418851,0.0682134743123866,20.0,55.0,1.0,0.0,0.9886792452830189,3.0538202250283284,0.03268422441773524,2.0,6.602688359756631,7.399277020331919,0.2729548445704597,2919.571270772123,48.0,64856.0,254.0,0.40229706318020253,9022.163761386959,0.0,0
4.941884775464203,0.0,2.0593909410727496,0.1487144451403452,0.1620450606585788,0.0,15.0,1.0,0.0,0.996415770609319,2.3405394378702122,0.02146269039745883,1.0,11.046820164128135,2.985410660720923,0.1866140752464982,1213.3609186155413,23.0,51858.0,246.0,0.31548182634333977,13385.76574057278,0.0,0
49.20189658423362,1.7665709835857453,1.550564824369833,0.3301777918965339,0.0220029377558532,20.0,15.0,1.0,0.0,0.9936708860759493,2.876094877817994,0.011081741088427152,1.0,7.56936797805557,2.985410660720923,0.04215972034312254,892.8576663898865,8.0,34186.0,263.0,0.31844232689570207,14091.481478416186,0.0,0
8.313708563543662,0.8660254037844386,2.120161962347692,0.1260515570884793,0.1311747250829115,20.0,15.0,1.0,0.0,0.9977728285077951,0.4392600022472396,0.007484784111645761,0.0,18.914198325057328,2.985410660720923,0.1321152100854307,1137.8528016591183,14.0,80244.0,264.0,0.4271147439640075,22213.289294536,0.0,1
4.916600794929772,0.0,13.793222189162488,0.3436116964863836,0.1673629748499017,0.0,15.0,1.0,0.0,0.9959016393442623,0.4712757963697086,0.03402317989845237,0.0,25.99567713722436,3.385137501286538,0.2745014143003831,1549.0337420131632,36.0,46856.0,254.0,0.23484119345524568,18082.14861382536,1.0,0
22.5107292073095,0.8265789426607516,2.7902257821411,0.2908882086657215,0.0739760084529803,16.0,40.0,1.0,0.0,0.9831932773109243,2.601940184680477,0.028734971414526595,3.0,11.861243475043317,3.9088200952233594,0.08512672632250262,1402.0293755241,21.0,83242.0,263.0,0.3684402213500616,11207.888521806342,0.0,0
15.052495216153872,0.4088817310696622,1.632993161855452,0.7539822368615503,0.3662266042780748,20.0,100.0,1.0,0.0,0.9790209790209791,2.0806266163988925,0.05476769378674792,3.0,23.555997207659264,3.385137501286538,0.3992186123711936,1299.4739674577813,32.0,47813.0,249.0,0.28700853979124974,22534.922438751088,1.0,1
16.44331034518138,0.5227744249483388,1.2649110640673522,0.641141357875468,0.1821266968325791,16.0,85.0,1.0,0.0,0.9831932773109243,2.601940184680477,0.028734971414526595,3.0,11.259379820874,2.5231325220201604,0.06596603814469038,691.3730704771888,10.0,38439.0,265.0,0.3892115138682155,11539.310442546679,0.0,0
6.801258799318179,0.6402652958501652,1.632993161855452,0.7539822368615503,0.2215377033021192,16.0,85.0,1.0,0.0,0.9831932773109243,2.601940184680477,0.028734971414526595,3.0,12.660538471236164,2.763953195770684,0.14072929308921334,961.0975339450746,12.0,49993.0,265.0,0.3432332504810067,15857.59317296696,0.0,0
6.197566715380973,0.5714285714285714,1.35400640077266,0.5235987755982988,0.2298278928173132,20.0,85.0,1.0,0.0,0.9959016393442623,0.4712757963697086,0.03402317989845237,0.0,15.615487983962792,2.763953195770684,0.05491464741028351,801.9570992297015,11.0,54441.0,265.0,0.42214363157623036,21435.33908121158,0.0,0
6.799848280770783,0.4948716593053935,1.4560832005096074,0.4487989505128276,0.2117331443612067,20.0,85.0,1.0,0.0,0.9959016393442623,0.4712757963697086,0.03402317989845237,0.0,16.727685879090703,2.5231325220201604,0.05043142352590957,1127.3832271227197,15.0,77100.0,264.0,0.38976511520471235,20386.99711502903,0.0,0
0.0,0.4472135954999579,0.0,0.0,0.0,9.0,80.0,1.0,0.0,0.991869918699187,1.635654362468983,0.010604430751804735,1.0,8.831514327391027,9.772050238058398,0.3150239487543709,6064.800781630744,113.0,48760.0,256.0,0.16635911901946043,23344.399493563757,0.0,0
11.147706929417174,0.7082039324993691,1.7320508075688774,0.6283185307179586,0.2660873842118206,20.0,80.0,1.0,0.0,0.9790209790209791,2.0806266163988925,0.05476769378674792,3.0,20.038976655015684,3.5682482323055424,0.07367161818930379,1933.9013183029117,24.0,126446.0,264.0,0.44877481970999933,23797.305106362717,0.0,0
0.0,0.4330127018922193,0.0,0.0,0.0,20.0,80.0,1.0,0.0,0.9977728285077951,0.4392600022472396,0.007484784111645761,0.0,27.736391913634282,2.256758334191025,0.04569364958949862,1070.7147341850814,18.0,57862.5,264.0,0.34072216320406556,16940.915112033723,0.0,1
0.0,0.2020305089104421,0.0,0.0,0.0,20.0,80.0,1.0,0.0,0.9959016393442623,0.4712757963697086,0.03402317989845237,0.0,22.662129558570122,2.5231325220201604,0.5026710506990564,658.7898640021928,19.0,23230.0,246.0,0.23708764466236465,16698.834545611357,1.0,0
0.0,0.4285714285714285,0.0,0.0,0.0,20.0,80.0,1.0,0.0,0.9959016393442623,0.4712757963697086,0.03402317989845237,0.0,14.944163698928712,1.9544100476116797,0.2662275917215353,661.6226794303517,14.0,49342.5,265.0,0.3846473012955489,14733.796127470569,0.0,1
0.0,0.6123724356957945,0.0,0.0,0.0,20.0,70.0,1.0,0.0,0.9817073170731707,5.475451994895557,0.05666841230092529,4.0,12.686773194566697,2.763953195770684,0.08206979252459978,756.2732482435324,11.0,53568.0,264.0,0.37524006962508094,14584.203193594945,0.0,0
0.0,0.8177634621393245,0.0,0.0,0.0,20.0,70.0,1.0,0.0,0.9936708860759493,2.876094877817994,0.011081741088427152,1.0,15.65360503518456,3.385137501286538,0.08585133507266085,1805.0879141153466,19.0,126467.0,264.0,0.46327522149185496,24248.52414550208,0.0,1
28.35875262429832,0.6748988805493585,1.150793188593426,0.1394197923190736,0.0964517291066282,16.0,65.0,1.0,0.0,0.9831932773109243,2.601940184680477,0.028734971414526595,3.0,16.233047681568326,3.742410318509555,0.132545786529623,1417.1415430778839,21.0,67713.0,265.0,0.3126517476343391,15911.558957437932,0.0,0
11.813202930074318,0.7071067811865476,1.9973612596121852,0.4654211338651545,0.1732822132010224,20.0,65.0,1.0,0.0,0.9817073170731707,5.475451994895557,0.05666841230092529,4.0,16.186153337597155,1.9544100476116797,0.14602304702462943,758.4481325812048,9.0,40922.0,264.0,0.3204061963204492,18161.350892435803,0.0,0
17.075211264174108,0.365714938171821,19.398538289241817,0.2714956614213401,0.3645653779857178,20.0,65.0,1.0,0.0,0.9851851851851852,2.4801497750923462,0.1556491333787847,2.0,6.518946748679467,3.1915382432114616,0.14496994226755067,1019.7574138241636,8.0,52154.0,264.0,0.36949881843670773,17250.147608077667,0.0,0
13.03729977083194,0.4082482904638629,8.707393802201484,0.2181661564992912,0.2270050476724621,13.0,65.0,1.0,0.0,0.9941520467836257,0.9969872315386386,0.05092043159182154,0.0,11.360140176546055,7.225151993843567,0.3573558125020563,4791.829784269647,62.0,46773.0,252.0,0.39093806753811033,19631.20537938552,0.0,0
53.3473433702611,0.4641016151377545,4.677668634671233,0.3272492347489367,0.2532046259441501,20.0,65.0,0.0,1.0,0.9873949579831933,3.580072382212082,0.04771619487544988,1.0,9.693007880353656,2.256758334191025,0.1819556172590754,925.1867358662184,7.0,55520.0,264.0,0.40583317938296715,14902.0780549359,0.0,1
12.400830653465816,0.4641016151377545,4.961488593636463,0.2044823620679746,0.206056616194865,20.0,65.0,0.0,1.0,0.9873949579831933,3.580072382212082,0.04771619487544988,1.0,12.833789903395138,3.5682482323055424,0.39784037066832545,1202.9877585535949,27.0,36828.0,248.0,0.23754486400727837,20828.59226403558,0.0,0
48.98640378396405,0.5782460894853049,1.6797086610489076,0.2316108005482078,0.0615231016695324,20.0,65.0,1.0,0.0,0.9886792452830189,3.0538202250283284,0.03268422441773524,2.0,11.859845910728433,2.5231325220201604,0.11175435986326598,869.2311761964514,9.0,45950.0,264.0,0.343568150791954,15981.940592385617,0.0,1
18.14028441883008,0.3872983346207416,1.3043449824719824,0.0775701889775257,0.0551646067937789,9.0,65.0,1.0,0.0,0.991869918699187,1.635654362468983,0.010604430751804735,1.0,9.708765341833752,5.170882945826411,0.3203723616877735,1741.6674587037335,37.0,37975.0,246.0,0.2340213341418076,23456.43393010545,0.0,0
14.053140105769144,0.5782460894853049,1.951265359573147,0.2036217460660051,0.0997938610114929,20.0,65.0,1.0,0.0,0.9936708860759493,2.876094877817994,0.011081741088427152,1.0,8.271471364107986,2.256758334191025,0.12022682198101764,949.4710798595278,6.0,40924.0,264.0,0.28834020801454796,15724.92785253596,0.0,1
7.785186017271672,0.5358983848622454,1.717297152049377,0.0843816208608828,0.143780487804878,20.0,60.0,0.0,1.0,0.9873949579831933,3.580072382212082,0.04771619487544988,1.0,4.4249950043089745,1.9544100476116797,0.16001460670503698,407.6634178807047,2.0,29938.0,264.0,0.37603140705376414,6066.675191245539,0.0,1
6.0901776792360645,0.4088817310696622,1.496290318064614,0.0597687068459413,0.1081144649157193,20.0,60.0,1.0,0.0,0.9886792452830189,3.0538202250283284,0.03268422441773524,2.0,9.166119837398828,2.985410660720923,0.06893616353423881,821.8111409397078,12.0,53980.0,264.0,0.3803133514986379,13095.1154034157,0.0,0
7.3150387429632096,0.7082039324993691,2.0310096011589907,0.5235987755982988,0.2818578801111552,20.0,60.0,1.0,0.0,0.9790209790209791,2.0806266163988925,0.05476769378674792,3.0,22.601257519616404,3.385137501286538,0.13810673535168094,1706.1163531328214,28.0,80414.0,265.0,0.36850763227901595,23840.566702916,0.0,1
0.0,0.0,0.0,0.0,0.0,0.0,50.0,1.0,0.0,0.9838709677419355,2.553537077899058,0.030351536755011097,1.0,5.535280657101982,3.385137501286538,0.21737244097855224,817.5275922285635,8.0,35216.0,264.0,0.308352982570383,12262.999934024725,0.0,0
0.0,0.0,0.0,0.0,0.0,0.0,50.0,1.0,0.0,0.9838709677419355,2.553537077899058,0.030351536755011097,1.0,10.52752112653989,5.170882945826411,0.22731831078617226,2353.005935608439,44.0,58856.0,259.0,0.23984853706303122,19458.06012470688,0.0,0
0.0,0.0,0.0,0.0,0.0,0.0,50.0,1.0,0.0,0.9838709677419355,2.553537077899058,0.030351536755011097,1.0,6.740061310062144,3.1915382432114616,0.11714663558673843,1352.5117513447497,8.0,44929.0,252.0,0.30409367364500894,15779.260614242747,0.0,0
0.0,0.0,0.0,0.0,0.0,0.0,50.0,1.0,0.0,0.9838709677419355,2.553537077899058,0.030351536755011097,1.0,9.807279313472085,7.225151993843567,0.4156931093607549,4066.693253763957,61.0,281598.0,247.0,0.37135698887140955,21429.298142650525,0.0,0
0.0,0.0,0.0,0.0,0.0,0.0,50.0,1.0,0.0,0.9838709677419355,2.553537077899058,0.030351536755011097,1.0,9.6405821012386,4.787307364817192,0.18442719998313517,1635.492518248702,25.0,46251.0,248.0,0.24691590843601074,22117.505956784124,0.0,0
0.0,0.0,0.0,0.0,0.0,0.0,50.0,1.0,0.0,0.9838709677419355,2.553537077899058,0.030351536755011097,1.0,11.497186946361056,3.385137501286538,0.2735816676924,1468.6371764056719,18.0,44193.0,248.0,0.2937859804998172,20827.50947621297,0.0,0
0.0,0.0,0.0,0.0,0.0,0.0,50.0,1.0,0.0,0.9838709677419355,2.553537077899058,0.030351536755011097,1.0,11.687885076310677,3.742410318509555,0.247556674653163,1739.6733649547782,30.0,44186.0,247.0,0.2768522510838679,21320.4304207446,0.0,0
0.0,0.0,0.0,0.0,0.0,0.0,50.0,1.0,0.0,0.9838709677419355,2.553537077899058,0.030351536755011097,1.0,5.668203754044968,3.5682482323055424,0.15858577229694404,1343.919189659017,10.0,45388.0,264.0,0.33001168074130804,16828.17845501562,0.0,0
0.0,0.0,0.0,0.0,0.0,0.0,50.0,1.0,0.0,0.9838709677419355,2.553537077899058,0.030351536755011097,1.0,10.424275114746566,5.527906391541368,0.0029469134203963243,3083.494512627387,34.0,226167.0,263.0,0.49453091979654007,20706.350661095203,0.0,0
0.0,0.0,0.0,0.0,0.0,0.0,50.0,1.0,0.0,0.9838709677419355,2.553537077899058,0.030351536755011097,1.0,10.239331541047312,3.5682482323055424,0.21353770341163325,1348.095784973391,18.0,76741.0,246.0,0.25475887013981824,20840.426641950336,0.0,0
0.0,0.0,0.0,0.0,0.0,0.0,50.0,1.0,0.0,0.9838709677419355,2.553537077899058,0.030351536755011097,1.0,10.064090466667617,2.256758334191025,0.06134351208522271,1047.683912744601,8.0,46051.0,264.0,0.3920424619227325,21946.074583464546,0.0,0
0.0,0.0,0.0,0.0,0.0,0.0,50.0,1.0,0.0,0.9838709677419355,2.553537077899058,0.030351536755011097,1.0,7.803951193113085,2.985410660720923,0.08031936647196714,1473.2943444617179,11.0,52011.0,265.0,0.35188502974725366,18783.475683573775,0.0,0
0.0,0.0,0.0,0.0,0.0,0.0,50.0,1.0,0.0,1.0,0.0,0.0,0.0,12.256486200057076,4.370193722368317,0.26757354871753647,1668.2601256833664,30.0,47587.0,247.0,0.27272776672861454,20841.31726869603,0.0,1
0.0,0.0,0.0,0.0,0.0,0.0,50.0,1.0,0.0,1.0,0.0,0.0,0.0,6.85982774154266,8.136857890256438,0.18602841190396113,4832.923311197432,62.0,13805.0,246.0,0.15512149522292107,23654.325683727497,0.0,0
0.0,0.0,0.0,0.0,0.0,0.0,50.0,1.0,0.0,1.0,0.0,0.0,0.0,6.325875521164295,6.076507779746499,0.3457572566722903,2305.5402507027825,30.0,89429.0,250.0,0.2853646965108857,21032.10992251789,0.0,0
0.0,0.0,0.0,0.0,0.0,0.0,50.0,1.0,0.0,1.0,0.0,0.0,0.0,7.20715959975299,3.742410318509555,0.1260279166729671,1187.3499909501818,14.0,64001.0,252.0,0.3881736138249019,7046.593682148998,0.0,0
0.0,0.0,0.0,0.0,0.0,0.0,50.0,1.0,0.0,1.0,0.0,0.0,0.0,16.22567419491848,5.4115163798060095,0.4900346550908563,3288.689612361193,56.0,40498.0,256.0,0.18636799979656593,23015.581355552404,1.0,1
0.0,0.0,0.0,0.0,0.0,0.0,50.0,1.0,0.0,1.0,0.0,0.0,0.0,20.209752847981488,2.985410660720923,0.2719119022964198,1306.0758860550786,36.0,69840.0,265.0,0.30358654758933734,17727.709746519846,0.0,0
0.0,0.0,0.0,0.0,0.0,0.0,50.0,1.0,0.0,1.0,0.0,0.0,0.0,11.539411524945567,5.641895835477563,0.4087042421099072,1849.4824689586878,64.0,27894.0,245.0,0.3685594927458913,10594.216921475498,0.0,0
0.0,0.0,0.0,0.0,0.0,0.0,50.0,1.0,0.0,1.0,0.0,0.0,0.0,15.423888716987848,2.256758334191025,0.040230278350120496,1056.669621473169,13.0,59706.0,264.0,0.3713108485633576,20888.746832102675,0.0,0
0.0,0.0,0.0,0.0,0.0,0.0,50.0,1.0,0.0,1.0,0.0,0.0,0.0,21.750328932804113,6.770275002573076,0.23970821351318972,4879.142291562788,97.0,30957.0,251.0,0.22352179096643066,16848.324108665296,1.0,1
0.0,0.0,0.0,0.0,0.0,0.0,50.0,1.0,0.0,1.0,0.0,0.0,0.0,20.191942748566483,4.222008245644752,0.4538586911226642,1485.0347061583634,34.0,44477.0,246.0,0.242056289982007,24018.424574492157,1.0,0
0.0,0.0,0.0,0.0,0.0,0.0,50.0,1.0,0.0,1.0,0.0,0.0,0.0,17.208683099929818,3.385137501286538,0.2381062031017418,2574.3976387470925,35.0,56377.0,259.0,0.28957130309655976,20936.027802507924,0.0,0
0.0,0.0,0.0,0.0,0.0,0.0,50.0,1.0,0.0,1.0,0.0,0.0,0.0,12.697543642701536,6.076507779746499,0.13228317231428688,2675.6174650601747,50.0,185680.0,265.0,0.3965286642986652,16749.56149718085,0.0,0
13.99627414361936,0.0,4.071864728643575,0.1111489596483381,0.0618157205759847,0.0,20.0,1.0,0.0,0.6666666666666666,8.080752644470437,1.3572882428811919,0.0,5.7206864899306025,10.280023453913834,0.10759468544949391,4357.079599803339,74.0,47804.0,246.0,0.23905620703065777,17103.06486688651,0.0,0
0.0,0.0,0.0,0.0,0.0,0.0,50.0,1.0,0.0,0.6666666666666666,8.080752644470437,1.3572882428811919,0.0,5.16306199328348,7.735777827895049,0.2848492628866084,3148.245707395982,29.0,47740.0,256.0,0.272332235750568,15510.498376266883,0.0,0
0.0,0.0,0.0,0.0,0.0,0.0,50.0,1.0,0.0,1.0,0.0,0.0,0.0,12.78297044062604,3.1915382432114616,0.26388329080759176,1652.8043094776779,20.0,45225.0,249.0,0.2372958565543981,23631.061489937572,0.0,0
0.0,0.0,0.0,0.0,0.0,0.0,50.0,1.0,0.0,1.0,0.0,0.0,0.0,8.800300494470223,2.5231325220201604,0.4040262336146905,1024.3953123874276,10.0,23985.0,258.0,0.23710762331838586,23612.51939857586,0.0,0
0.0,0.0,0.0,0.0,0.0,0.0,50.0,1.0,0.0,1.0,0.0,0.0,0.0,7.6607316071700975,3.742410318509555,0.2552700191364512,957.8233190733806,16.0,28017.0,248.0,0.2862645631834305,13543.50059405317,0.0,0
0.0,0.0,0.0,0.0,0.0,0.0,50.0,1.0,0.0,1.0,0.0,0.0,0.0,7.627370814580626,1.9544100476116797,0.2313420571670829,915.7753796213392,4.0,67043.0,265.0,0.41192296799773453,14158.166073535062,0.0,0
0.0,0.0,0.0,0.0,0.0,0.0,50.0,1.0,0.0,1.0,0.0,0.0,0.0,10.346154926210735,4.787307364817192,0.3808824413844879,1585.3235984662642,32.0,37845.0,250.0,0.24209675673167652,27841.322202763717,0.0,0
0.0,0.0,0.0,0.0,0.0,0.0,50.0,1.0,0.0,1.0,0.0,0.0,0.0,10.626987183064694,4.068428945128219,0.15839545370829156,3104.00422871671,25.0,72765.0,259.0,0.2743272628431641,28505.729131047134,0.0,0
0.0,0.0,0.0,0.0,0.0,0.0,50.0,1.0,0.0,1.0,0.0,0.0,0.0,8.068905995199156,2.763953195770684,0.2943061371236815,808.8704639321653,10.0,50386.0,265.0,0.3500921336392947,18461.635584688946,0.0,0
0.0,0.0,0.0,0.0,0.0,0.0,50.0,1.0,0.0,1.0,0.0,0.0,0.0,7.088857010503547,3.9088200952233594,0.2710205279777289,1133.213160675047,12.0,55382.0,265.0,0.32559867515532404,16671.387696411108,0.0,0
0.0,0.0,0.0,0.0,0.0,0.0,50.0,1.0,0.0,1.0,0.0,0.0,0.0,10.931164715219404,6.076507779746499,0.3142606607818139,3337.58709652065,45.0,128256.0,256.0,0.33241802908499696,24027.0960409842,0.0,0
0.0,0.0,0.0,0.0,0.0,0.0,50.0,1.0,0.0,1.0,0.0,0.0,0.0,13.322189944749875,2.256758334191025,0.31683922454258184,1115.34977911224,17.0,29162.0,245.0,0.2776856435013967,21277.3708505266,0.0,0
0.0,0.0,0.0,0.0,0.0,0.0,50.0,1.0,0.0,1.0,0.0,0.0,0.0,8.970589371024095,3.742410318509555,0.1239194946584099,1302.5820408108625,13.0,88861.0,264.0,0.4457437714676491,18683.51157692791,0.0,0
0.0,0.0,0.0,0.0,0.0,0.0,50.0,1.0,0.0,1.0,0.0,0.0,0.0,9.214891358819278,2.763953195770684,0.2584793736037899,1182.845072430593,13.0,34047.0,245.0,0.26456794420595353,20905.677626624736,0.0,0
0.0,0.0,0.0,0.0,0.0,0.0,50.0,1.0,0.0,1.0,0.0,0.0,0.0,7.6722543856379035,2.256758334191025,0.10594504112582881,812.6915804517017,8.0,42224.0,264.0,0.4439714461052292,17663.066443207852,0.0,0
0.0,0.0,0.0,0.0,0.0,0.0,50.0,0.0,1.0,1.0,0.0,0.0,0.0,13.110338235797018,4.068428945128219,0.23978375956695397,2167.9584592403726,27.0,164377.0,264.0,0.451906338609526,25173.443689320175,0.0,0
0.0,0.0,0.0,0.0,0.0,0.0,50.0,0.0,1.0,1.0,0.0,0.0,0.0,10.508336335382388,3.742410318509555,0.3733973187067966,1449.0127605527555,19.0,28891.0,251.0,0.2324744287052969,23927.45440571484,0.0,0
0.0,0.0,0.0,0.0,0.0,0.0,50.0,0.0,1.0,1.0,0.0,0.0,0.0,7.597834286077964,3.5682482323055424,0.3173713225852841,782.6911386930151,13.0,72816.0,264.0,0.36892518274222297,15390.382190183622,0.0,0
0.0,0.0,0.0,0.0,0.0,0.0,50.0,1.0,0.0,0.991869918699187,1.635654362468983,0.010604430751804735,1.0,3.9360369742674752,2.763953195770684,0.04214370511622123,757.7512373533996,4.0,40810.0,264.0,0.3848954463115991,16272.822403495375,0.0,0
53.70577635578753,1.3416407864998738,2.1549827183493786,0.1688606051304513,0.0350277040252145,20.0,0.0,1.0,0.0,0.9921976592977894,4.00336759907559,0.014950261201835463,6.0,4.944675874665033,3.385137501286538,0.13104557122638028,652.8542694935917,8.0,25880.0,252.0,0.3266954756148064,8343.5460931254,0.0,0
4.713804560995253,0.0,2.1362152962635625,0.0942477796076937,0.1125362318840579,0.0,15.0,1.0,0.0,0.99,2.567967193524722,0.029100760313047546,2.0,10.415936968750351,2.5231325220201604,0.036790123126342666,1299.3784689997935,10.0,72463.0,265.0,0.353656358361922,17374.568540601445,0.0,0
3.8174861478363216,0.0,17.88854381999832,0.1788601878076833,0.0180318963834356,0.0,15.0,1.0,0.0,0.9906542056074766,1.3877142713605404,0.04952733382466417,3.0,13.656020199414362,3.385137501286538,0.23084495952066175,764.9300018787112,19.0,36189.0,265.0,0.28432787712315744,11694.172084670123,0.0,0
96.02677191024893,1.75,1.5469713047997786,0.2294784757251803,0.0204111954455764,20.0,15.0,0.0,1.0,0.9738675958188153,6.479348807759718,0.09118406140249022,26.0,20.2776621273474,6.076507779746499,0.33424152080901903,8610.500452027252,94.0,51089.0,249.0,0.22141531473839016,17076.091322279226,1.0,0
58.54276965594644,1.3416407864998738,1.6498495908428454,0.2695449318168758,0.0480942973206952,9.0,15.0,1.0,0.0,0.9402985074626866,10.928274990102764,0.12368999000432637,12.0,14.733624638411705,5.046265044040321,0.19682298170107915,4232.334526491341,29.0,228797.0,265.0,0.5749771484085244,25775.45387116505,0.0,0
48.67527697116174,1.5,1.9782469390015744,0.1994175024251333,0.0451881677563387,20.0,15.0,1.0,0.0,0.9885057471264368,3.9441885263225065,0.0239211591082774,5.0,10.337099585336741,3.742410318509555,0.09766763206159246,1890.8076658048287,19.0,64813.0,264.0,0.26790616255785293,21993.562852933006,0.0,0
24.225828557573475,0.0,2.492171668650246,0.097363408685634,0.0442402222697157,0.0,20.0,1.0,0.0,0.975,3.488119286514681,0.05425506177153785,2.0,7.61292182832815,7.225151993843567,0.421684866937704,3248.409519102078,53.0,57983.0,254.0,0.181740924761989,25848.153136690315,0.0,0
23.76270332353766,1.0,2.103723182481238,0.3211405823669566,0.1191286096837229,20.0,20.0,1.0,0.0,0.9992354740061162,0.6570402482344996,0.0016083510569428426,1.0,13.954033730854354,4.068428945128219,0.3012875950148046,1313.501394740803,48.0,21325.0,245.0,0.2575087523582348,13832.586544137092,0.0,0
35.316166514022456,1.0,6.237111854661339,0.2991993003418851,0.0745060576438875,20.0,20.0,1.0,0.0,0.9477611940298507,6.012877917343939,0.14511356216772897,7.0,18.45127267203634,3.1915382432114616,0.26609693686956626,1354.6753589554,30.0,46712.0,249.0,0.26529155940680116,19448.58703294168,1.0,0
16.46987906607627,1.0,3.691500871737465,0.3375264834435315,0.1428875963090416,20.0,20.0,1.0,0.0,0.9477611940298507,6.012877917343939,0.14511356216772897,7.0,8.143526712311,2.985410660720923,0.07692251654089066,781.7820705631907,8.0,25091.0,264.0,0.31662515722640117,13364.064017956856,0.0,0
25.98262225330764,0.8660254037844386,3.175158821801632,0.2871815999126403,0.0659500948820347,20.0,20.0,1.0,0.0,0.99375,2.0541066476057144,0.0198447426362602,1.0,14.98351432808255,3.742410318509555,0.3587598430930101,1501.2156795820001,27.0,51189.0,265.0,0.2747768576991134,23237.35112974494,0.0,0
53.66432443658744,1.0,2.417855899511179,0.108598264568536,0.0633809416704153,20.0,20.0,0.0,1.0,0.9924906132665833,3.779824855380791,0.019732635838435143,5.0,16.992927059176456,3.5682482323055424,0.2193747818939068,1143.57628643196,26.0,40800.0,265.0,0.4098915510906196,14588.994295165945,0.0,1
21.45676460187761,0.9442719099991588,3.371941309464295,0.1852186144973574,0.1011513312856846,20.0,20.0,1.0,0.0,0.9946380697050938,1.2962362250581383,0.039061224064007374,1.0,13.585262001623951,3.1915382432114616,0.2050449225983545,925.9860329688141,15.0,50560.0,264.0,0.3422904817238499,18320.871898425114,0.0,0
34.869426037246456,1.1547005383792517,4.032517206602941,0.2133180196881958,0.146389676947012,11.0,20.0,1.0,0.0,0.9802816901408451,4.291762501454023,0.06441612127628774,6.0,8.59700708761209,3.9088200952233594,0.2237706538536518,1091.8687262628343,22.0,25417.0,264.0,0.29617302347645413,11283.214545753812,0.0,0
40.91531022891726,1.0,5.794114958552767,0.3190680038802134,0.1248365899147653,20.0,20.0,0.0,1.0,0.9897959183673469,3.467804711632381,0.040403105801034324,2.0,6.578927951118026,2.256758334191025,0.04820572884945318,914.5625313756802,5.0,31667.0,265.0,0.3077800042316454,12111.425359357609,0.0,0
36.8495781458397,0.9442719099991588,3.5254056162107514,0.2065899930932063,0.0969205687890589,20.0,20.0,1.0,0.0,0.0,0.0,3.5254056162107514,1.0,12.16067133183036,3.1915382432114616,0.07656167515658685,1706.4288712802145,14.0,74858.0,261.0,0.23502899026364754,29250.480464291475,0.0,0
32.46923872224928,0.8660254037844386,4.752263694492886,0.3141592653589793,0.0793211162015826,20.0,20.0,0.0,1.0,0.9738675958188153,6.479348807759718,0.09118406140249022,26.0,9.022402561192287,3.742410318509555,0.3738508820089099,796.1249504769094,18.0,44840.0,246.0,0.3564075678139962,10499.351847462327,0.0,0
57.11312665767135,1.0,5.959176896648664,0.2290744643242557,0.1059640354900441,20.0,20.0,0.0,1.0,0.9738675958188153,6.479348807759718,0.09118406140249022,26.0,13.863886573002729,2.763953195770684,0.08809159918441933,706.6564923317272,14.0,52927.0,265.0,0.4258046817849307,16838.62665113027,0.0,0
56.72100668360376,1.0,4.070185132255348,0.3147531392065388,0.0768937424163633,20.0,20.0,0.0,1.0,0.9738675958188153,6.479348807759718,0.09118406140249022,26.0,11.762781719453496,2.985410660720923,0.2981893397080311,937.263911462984,18.0,17295.0,253.0,0.2644813456976496,13375.723433648303,0.0,0
39.75400750804575,1.0,4.591930245029208,0.1902136176978195,0.0436728618752496,13.0,20.0,1.0,0.0,0.9926470588235294,2.2241194766908716,0.03939565695038127,2.0,10.764546634181292,4.51351666838205,0.29394951431142,2257.111391754242,34.0,23028.0,255.0,0.2281670303366442,20088.415276255546,0.0,0
35.093108529190424,1.0,4.09153051919829,0.1959783696946374,0.0998483445124123,11.0,20.0,1.0,0.0,0.9875776397515528,4.123139205168758,0.05456665219649395,2.0,11.06827761491205,6.282549314314218,0.1466673752847789,3933.6554527912895,59.0,65250.0,255.0,0.24238611299471002,21419.643675617426,0.0,0
27.926248119753364,1.0,4.579591639922085,0.255365754450588,0.0549508248551845,20.0,20.0,1.0,0.0,0.9829545454545454,3.744324019196654,0.05635585207188865,3.0,15.70350527284773,5.4115163798060095,0.28971183117781063,2614.675979590215,44.0,91802.0,253.0,0.25376123189317445,26209.764073647846,1.0,0
13.99627414361936,0.0,4.071864728643575,0.1111489596483381,0.0618157205759847,0.0,20.0,1.0,0.0,0.6666666666666666,8.080752644470437,1.3572882428811919,0.0,5.7206864899306025,10.280023453913834,0.10759468544949391,4357.079599803339,74.0,47804.0,246.0,0.23905620703065777,17103.06486688651,0.0,0
16.09480617957611,0.0,4.029600309379372,0.1082104136236484,0.0809038705758931,0.0,20.0,1.0,0.0,0.9990476190476191,0.49669650209983435,0.0038377145803613066,1.0,9.682606682931244,5.527906391541368,0.08046929359234467,2923.6336021865945,40.0,87198.0,257.0,0.3271747783595762,25973.97009448353,0.0,0
22.951034924676463,0.0,5.397261216491932,0.2208932334555323,0.1545854326237004,0.0,20.0,1.0,0.0,0.9915254237288136,3.1325524053409493,0.039776632760026756,2.0,8.775582837010155,4.51351666838205,0.12647133647215225,2072.010828788894,29.0,47945.0,249.0,0.2244164796876238,18127.589990206256,0.0,0
42.39542152156231,0.0,3.990024114874381,0.1147448297158901,0.0323690300515329,0.0,20.0,1.0,0.0,0.9915254237288136,3.1325524053409493,0.039776632760026756,2.0,10.698150591759562,6.6755811781245455,0.44263547076812526,3387.9431400966,64.0,51112.0,246.0,0.1908608701035437,23602.04527024843,0.0,0
38.29470845071554,1.016133230340665,3.599708012505429,0.2333754542666703,0.0385315520799391,20.0,20.0,1.0,0.0,0.9438202247191011,7.558835552128911,0.15535928831603726,10.0,14.842482176736727,4.222008245644752,0.31182263010511335,2347.1195451973244,45.0,70209.0,253.0,0.2642677958326205,16758.954254118606,0.0,0
35.80764654208863,1.1360714886190892,3.557937531085998,0.196169238240685,0.0418048736225513,20.0,20.0,1.0,0.0,0.9438202247191011,7.558835552128911,0.15535928831603726,10.0,14.360197732948402,4.787307364817192,0.09753630726386375,2154.5055431666965,42.0,115962.0,253.0,0.32652165431135405,18796.294005485754,0.0,0
38.16517397630789,0.8799971911045603,4.837221175642925,0.1605702911834783,0.0649468022572302,20.0,20.0,1.0,0.0,0.9438202247191011,7.558835552128911,0.15535928831603726,10.0,16.684741647238948,3.742410318509555,0.38756129758238644,1138.2942729919964,30.0,33703.0,249.0,0.2509031259215573,18598.609800764767,1.0,0
48.67527697116174,1.0606601717798212,5.113568194709454,0.310280755910103,0.075265604249668,20.0,20.0,1.0,0.0,0.9885057471264368,3.9441885263225065,0.0239211591082774,5.0,11.87551154046342,4.51351666838205,0.3670025858076047,1952.8419842023814,34.0,45156.0,246.0,0.20673957188987668,24103.257648178114,0.0,0
32.46276069507027,0.0,3.092779027187736,0.1086014953135997,0.0373849895406384,1.0,20.0,1.0,0.0,0.9322033898305084,8.004441378524595,0.1759145137743965,4.0,5.707886622346839,3.9088200952233594,0.1356104518214818,1403.4479775664656,11.0,34512.0,245.0,0.25568267611359563,16589.697816035386,0.0,0
33.68238044069566,1.0,8.641689305738769,0.3436116964863836,0.0982385303770867,20.0,20.0,1.0,0.0,0.9885386819484241,2.889237297908201,0.0521764653736897,3.0,7.1768133538044365,3.5682482323055424,0.14910497113307963,1407.8054116294127,15.0,29781.0,257.0,0.3000290239329785,12751.263154305201,0.0,0
33.74309858834744,1.0,4.126796179217533,0.1998350356573389,0.0799708359715267,20.0,20.0,1.0,0.0,0.9885386819484241,2.889237297908201,0.0521764653736897,3.0,3.676110671727032,3.1915382432114616,0.17312757957084546,658.9517562512526,2.0,31908.0,265.0,0.34618431115481285,3593.6431157078814,0.0,0
36.801339961163215,0.8799971911045603,4.183275106044679,0.3717861128508631,0.158627346389291,20.0,20.0,0.0,1.0,0.9901960784313726,2.596470069406123,0.019883206349612156,2.0,11.438247048210526,2.763953195770684,0.18826207513453996,671.4502755867645,12.0,48615.0,265.0,0.39080082212607836,13217.943898917349,0.0,0
17.384440850284776,0.0,3.973777231921855,0.1422120131254639,0.0833860173094111,0.0,20.0,1.0,0.0,0.991304347826087,1.621107468145988,0.034554584625407433,1.0,7.190645485498521,3.742410318509555,0.18897372675377633,1106.8829918029417,15.0,61657.0,264.0,0.3057505920647674,16597.25350709275,0.0,1
27.831435039438563,0.912870929175277,4.221240559539719,0.218424341299882,0.0509435292458816,17.0,20.0,1.0,0.0,0.9719626168224299,3.838345105846004,0.10533544199788998,3.0,10.128964088907694,6.383076486422923,0.5508635168458986,2500.8771458448646,52.0,42094.0,248.0,0.182785154424148,26122.261800796143,0.0,0
16.776867782599144,1.0,4.571903434950441,0.2596357564950242,0.0599967830143155,20.0,20.0,0.0,1.0,0.9738372093023255,3.301683835570414,0.1272411051925443,5.0,4.534956690575307,3.1915382432114616,0.18787220423059503,598.6664996178713,5.0,22381.5,265.0,0.314704945782426,5425.358897628884,0.0,0
10.703118270028307,0.0,4.269356866964378,0.2331650797586174,0.0891884141095497,0.0,20.0,1.0,0.0,0.8461538461538461,13.851439515566545,0.3553163401332832,3.0,6.336845664285918,2.256758334191025,0.4928787729942832,687.3392224129058,4.0,24755.0,245.0,0.35740606331304803,17214.26354753672,0.0,0
3.8758339268707296,0.0,3.2395360615216315,0.1939254724438144,0.2276568501920614,0.0,30.0,1.0,0.0,0.9802816901408451,4.291762501454023,0.06441612127628774,6.0,11.443976178121545,2.985410660720923,0.06552852088123073,970.0778766422533,14.0,37313.0,264.0,0.32333879864582793,16039.102893062543,0.0,0
3.620486814826154,0.0,4.857068962225563,0.2454369260617026,0.2124277456647398,0.0,30.0,1.0,0.0,0.993006993006993,2.652733268139849,0.020864258737402396,3.0,15.77764450969352,2.985410660720923,0.12912535633427058,1926.4814214691953,28.0,103353.0,265.0,0.43327269117474276,16877.636913304475,0.0,0
38.52355268883573,1.2701665379258311,2.8093876157493303,0.2203923417696921,0.0511160509670913,20.0,20.0,1.0,0.0,0.9438202247191011,7.558835552128911,0.15535928831603726,10.0,17.862518765549485,4.787307364817192,0.15783519562436832,1907.8272173347539,35.0,43970.0,253.0,0.2655965085343618,21055.855373500122,1.0,0
53.67404339094491,1.5652475842498528,1.0933413311741342,0.5576326960121883,0.0311480585078396,20.0,30.0,1.0,0.0,0.9921976592977894,4.00336759907559,0.014950261201835463,6.0,14.823965450429851,5.641895835477563,0.27835654366440676,3970.756638983897,56.0,33866.0,251.0,0.2198311739878529,23197.780012606643,0.0,0
58.40226268548077,1.3228756555322954,1.0116233987050405,0.6361725123519331,0.0227609708427056,9.0,35.0,1.0,0.0,0.9402985074626866,10.928274990102764,0.12368999000432637,12.0,15.080911383620183,7.817640190446719,0.3864506337804824,6487.382234005543,85.0,29719.0,251.0,0.39301871205465444,21580.46338576989,1.0,0
33.68193020423145,1.3416407864998738,1.639302408867994,0.0854513201776423,0.0399250406426642,20.0,50.0,1.0,0.0,0.9829545454545454,3.744324019196654,0.05635585207188865,3.0,20.513121176992087,4.652426491681278,0.0792215558823598,3451.806401779962,36.0,226777.0,265.0,0.4292361329937471,26187.38863530367,0.0,0
35.70369342044825,1.0,2.050747566358283,0.098072611454416,0.0314197051978277,20.0,20.0,0.0,1.0,0.9738372093023255,3.301683835570414,0.1272411051925443,5.0,15.607639059417266,3.1915382432114616,0.36863416060442433,1972.8017003705606,31.0,19694.0,252.0,0.2282124310667727,15333.006642094257,1.0,0
28.17175671830388,0.0,2.98734287282661,0.2279613716890552,0.0907879319135233,0.0,20.0,1.0,0.0,0.9834710743801653,3.6263730608285933,0.037151808905755826,2.0,9.995997470505783,4.51351666838205,0.2755721755969238,1472.4057229583145,29.0,56653.0,246.0,0.30674144443172724,25945.938317952492,0.0,0
36.16949936055232,0.0,2.448878294633993,0.0995949656262692,0.0328712850025768,1.0,20.0,1.0,0.0,0.9322033898305084,8.004441378524595,0.1759145137743965,4.0,7.533919670056345,6.076507779746499,0.4811317317411071,2697.974853008276,35.0,55024.0,252.0,0.18282558252384362,24856.372694105703,0.0,0
36.1142114648534,0.8799971911045603,2.3695647389975103,0.2091904739607948,0.0509493613055316,20.0,20.0,1.0,0.0,0.9438202247191011,7.558835552128911,0.15535928831603726,10.0,15.175533624478039,4.51351666838205,0.27578560478763536,1735.5414465634321,43.0,78101.0,248.0,0.30881613937769203,17437.63911359708,1.0,0
34.70747893074068,0.0,2.448099923486922,0.1168360904227609,0.0416094216959619,1.0,20.0,1.0,0.0,0.9322033898305084,8.004441378524595,0.1759145137743965,4.0,7.014214422976427,4.51351666838205,0.04401024898326178,1990.8776906270539,21.0,34372.0,246.0,0.22369983185078834,21516.733820884936,0.0,0
3.82590903662221,0.0,1.359622066116524,0.0151846759728834,0.0089175030991322,0.0,30.0,1.0,0.0,1.0,0.1962649924310677,0.0035779528055698,0.0,13.795720369322344,2.985410660720923,0.018866029883621183,1633.653752036795,32.0,118838.0,263.0,0.424567331643815,11423.095327711679,0.0,0
3.7363213445761705,0.0,1.7390602405592857,0.1817450295465169,0.1581764488741233,0.0,30.0,1.0,0.0,0.9802816901408451,4.291762501454023,0.06441612127628774,6.0,12.619337326707859,2.985410660720923,0.04422964441166266,891.5013800442345,10.0,35499.0,264.0,0.2736322167776575,14914.15901632705,0.0,0
18.438163128439275,0.8660254037844386,4.238469368477007,0.4154172103920387,0.1398642095053346,20.0,30.0,0.0,1.0,0.9738675958188153,6.479348807759718,0.09118406140249022,26.0,16.661616811267162,3.9088200952233594,0.5795777546742358,1037.3382400560874,37.0,18928.5,252.0,0.16035347041757575,17646.8806364344,1.0,0
9.196037194747646,0.8729833462074168,1.3931080336002326,0.1566445090432583,0.1062268822792162,6.0,30.0,1.0,0.0,0.9875,2.290500748186933,0.018451858980753296,1.0,10.121614143893902,3.1915382432114616,0.19119040779468266,1850.937693946005,23.0,46469.0,246.0,0.2907004257468039,17903.88589531486,0.0,0
3.286325253125608,0.0,15.642048801280922,0.320570678937734,0.2066540438193129,0.0,30.0,1.0,0.0,1.0,0.18257362517364487,0.04827792839901519,0.0,10.077737440445748,2.763953195770684,0.07425025018073084,936.8047638316556,10.0,56515.0,265.0,0.37509081763818275,19039.171402441272,0.0,0
35.1390960890666,0.0,1.7863324279200723,0.1284085232544271,0.0114248648648648,1.0,35.0,1.0,0.0,0.9736842105263158,5.700314104818803,0.047008748103159796,1.0,11.266551174202204,9.23618154310838,0.28180596235587496,9765.087391487334,112.0,78639.0,247.0,0.3526998357785639,16816.456945471265,0.0,0
32.71510505026232,1.0,1.7722458555748424,0.1947268173712681,0.102746144263524,20.0,35.0,1.0,0.0,0.9477611940298507,6.012877917343939,0.14511356216772897,7.0,17.875132751795938,2.985410660720923,0.12707618737095216,1628.6957474080214,25.0,87461.0,265.0,0.34072502760170364,20371.845656417365,0.0,0
17.19892677218768,1.1803398874989484,1.7510994693056288,0.2010619298297467,0.059715730229896,20.0,35.0,1.0,0.0,0.9790209790209791,2.0806266163988925,0.05476769378674792,3.0,9.018541862164165,4.222008245644752,0.07715052826418722,1469.5398297204495,20.0,72758.0,264.0,0.349565976961293,10828.96791148078,0.0,0
51.19396271952814,1.118033988749895,1.962041892958317,0.2401630747578974,0.094519407278439,20.0,35.0,1.0,0.0,0.9817073170731707,5.475451994895557,0.05666841230092529,4.0,7.336252178255226,2.256758334191025,0.2049929285293257,707.9340929040659,6.0,35907.0,264.0,0.3257144485689657,9034.26785462188,0.0,0
19.713096403238843,0.8660254037844386,1.7113011884542444,0.0872664625997164,0.1328290798280459,20.0,35.0,1.0,0.0,0.9947643979057592,1.9483963357239025,0.017637582417722775,3.0,8.112046646199103,3.1915382432114616,0.07907830122350545,968.7673524968317,11.0,15154.0,257.0,0.30000992725527964,13114.243835038867,0.0,0
25.5482416326912,0.8660254037844387,1.8542859889769128,0.1558229956180537,0.098101583687682,11.0,35.0,1.0,0.0,0.9802816901408451,4.291762501454023,0.06441612127628774,6.0,11.706848389004588,2.5231325220201604,0.037730015074922685,720.0944602471809,8.0,40126.0,264.0,0.3437269810734964,18831.20677616833,0.0,0
26.58150669531028,0.8660254037844387,1.562605934230552,0.1038543025980096,0.0933561989924818,11.0,35.0,1.0,0.0,0.9802816901408451,4.291762501454023,0.06441612127628774,6.0,19.825678604026447,3.742410318509555,0.2469052378091956,1873.1280640695588,33.0,158952.5,264.0,0.41288442028756267,21017.144737438535,0.0,0
25.06802314894129,1.2,1.6447361537339031,0.3005844822879123,0.0589277503601753,20.0,35.0,1.0,0.0,0.994535519125683,1.8530815932479034,0.00898762925537652,1.0,15.69537120176335,3.385137501286538,0.16544351584616968,1413.5061343891764,17.0,59420.0,264.0,0.3260977329693425,22514.95456714619,0.0,0
21.745609866226808,0.8660254037844386,1.8865988550503423,0.1261858545070692,0.0565381205673758,20.0,35.0,0.0,1.0,0.9738675958188153,6.479348807759718,0.09118406140249022,26.0,4.158715486777013,3.385137501286538,0.13188085886554501,507.0606611140353,3.0,13453.0,248.0,0.31530680430424696,4904.31720165284,0.0,0
31.139440549324394,1.0,1.4584814901599052,0.1104187894118861,0.0664556386326838,20.0,35.0,0.0,1.0,0.9738675958188153,6.479348807759718,0.09118406140249022,26.0,6.329174832853245,2.5231325220201604,0.39921648816171107,582.273723742905,8.0,17084.0,248.0,0.2817428375517995,7373.339138454312,0.0,0
40.29458950907649,1.0,1.4668788447981902,0.1567234430362254,0.0445292261316,20.0,35.0,0.0,1.0,0.9738675958188153,6.479348807759718,0.09118406140249022,26.0,7.624527873336551,3.742410318509555,0.28477124879658,760.8053170282228,18.0,41844.0,249.0,0.3032655897937595,10286.618183280752,0.0,0
10.237741062069148,1.0606601717798212,1.8491072244395057,0.206853837273402,0.0405811792532522,20.0,35.0,0.0,1.0,0.9738675958188153,6.479348807759718,0.09118406140249022,26.0,19.473512188316985,4.068428945128219,0.6427463487555206,1562.399743193619,51.0,27428.0,254.0,0.15033512994963605,18122.56274158758,1.0,0
26.16122174811841,1.0,1.4032069706832606,0.1036289243371633,0.0509715994020926,20.0,35.0,0.0,1.0,0.9738675958188153,6.479348807759718,0.09118406140249022,26.0,5.6855920245041816,2.985410660720923,0.15379759095801582,970.785182001113,5.0,32058.0,265.0,0.3877802930579787,6057.943710579437,0.0,0
39.41658174105557,0.8660254037844386,1.7230290174080165,0.2316108005482078,0.0914593140551445,20.0,35.0,0.0,1.0,0.9738675958188153,6.479348807759718,0.09118406140249022,26.0,9.18913996253416,2.763953195770684,0.0618210165855293,891.4466230837588,11.0,50239.0,264.0,0.43402142027444746,11504.400641455428,0.0,0
25.84249689953649,0.8888888888888888,1.6055019163142508,0.1682996064423103,0.0659575301676853,6.0,35.0,1.0,0.0,0.8529411764705882,8.382415101744577,0.27278764045469744,5.0,11.80340196488947,5.046265044040321,0.31861720841236807,1919.5756473179958,33.0,50916.0,245.0,0.2517540919947445,25363.326782869284,0.0,0
24.816574589199483,0.8888888888888888,1.8214194844407945,0.1308218237663804,0.0378313657123022,6.0,35.0,1.0,0.0,0.8529411764705882,8.382415101744577,0.27278764045469744,5.0,8.468930196884392,5.4115163798060095,0.19990285058017565,2430.9475481177533,35.0,44802.0,253.0,0.266913475338995,21969.586756096724,0.0,0
27.53253840982864,1.1270166537925832,1.5591894033202949,0.1994662002279233,0.0957570179475379,6.0,35.0,1.0,0.0,0.9875,2.290500748186933,0.018451858980753296,1.0,10.651371959656904,5.292567428401227,0.39616104402912844,2538.462659268714,39.0,27876.0,250.0,0.23744274291394052,23148.25753692455,0.0,0
27.39368655345037,0.0,1.5793217422066157,0.1087809090578183,0.0792579616919851,0.0,35.0,1.0,0.0,0.9838709677419355,3.4790016712916074,0.025472931325913155,1.0,7.420000397611415,3.742410318509555,0.039112703204658095,1598.9404426489932,16.0,63401.0,248.0,0.2739700734700159,15091.366334054832,0.0,0
28.477066397024416,0.0,1.5080260047698446,0.0603937355976677,0.0688294960553856,0.0,35.0,1.0,0.0,0.9834710743801653,3.6263730608285933,0.037151808905755826,2.0,9.895344924713385,4.787307364817192,0.37815146987572323,1808.2080435882224,33.0,42394.0,246.0,0.24659600438421692,26080.823125533003,0.0,0
43.25228183690899,0.0,1.4343664799885378,0.0824324602982744,0.0656487170220455,0.0,35.0,1.0,0.0,0.9869281045751634,3.7564239177819667,0.016939540166078702,2.0,10.706041559511696,6.076507779746499,0.31360756261354206,2447.8379752757496,56.0,46326.0,249.0,0.31667751401447974,26556.926829174725,0.0,0
24.927205969951373,0.0,1.4899435603785678,0.0507025053421926,0.0160127623781615,0.0,35.0,1.0,0.0,0.8888888888888888,8.309068656650457,0.16554928448650752,1.0,8.194663056062824,8.812923024107548,0.34348878429979113,5262.128700801651,95.0,84183.0,250.0,0.22091172348982735,20064.118973857665,0.0,0
44.38198912514039,0.0,1.91478347559708,0.0975938546233515,0.0308664952662909,1.0,35.0,1.0,0.0,0.9897959183673469,4.5000545318398855,0.019359028527197456,2.0,11.113003720819599,2.763953195770684,0.3300468379772392,876.6864795766397,14.0,20848.0,248.0,0.2656341923318669,20564.41749054168,0.0,0
44.94210584308878,0.0,1.879586115733621,0.1033676883105346,0.0316048691105586,1.0,35.0,1.0,0.0,0.9897959183673469,4.5000545318398855,0.019359028527197456,2.0,9.788956824673713,3.9088200952233594,0.09972182118639938,1292.6474429159712,20.0,37963.0,252.0,0.2521728985591789,17422.62029275609,0.0,0
32.447971251410415,0.0,1.745320753951665,0.0609349224427097,0.0311655809708835,0.0,35.0,1.0,0.0,0.6923076923076923,13.030945046291754,0.8542888178852629,3.0,9.057716279911203,6.180387232371033,0.15875293395331902,3027.5296881630375,43.0,52686.0,254.0,0.23932688389700185,24272.5782449368,0.0,0
26.531254106172263,0.0,1.860943520611199,0.0621843663704132,0.0142657501927887,0.0,35.0,1.0,0.0,0.875,9.380214845928919,0.23261794007639988,1.0,6.33752293617482,8.058239062071396,0.23940773928493986,4178.386677664196,56.0,36462.0,245.0,0.16879015058909208,22545.15885383313,0.0,0
26.458787052818003,0.0,1.3230269894988511,0.0995345317879037,0.0126813803194732,0.0,35.0,1.0,0.0,0.0,0.5443405917774756,1.220121605944918,2.0,6.89841978040963,8.058239062071396,0.4068093366097174,5029.1406348566625,62.0,69895.0,256.0,0.19396340603199713,23476.63624232996,0.0,0
25.737500431497292,0.9442719099991588,1.9745958947782485,0.1588201272244147,0.0409128641640203,6.0,35.0,1.0,0.0,0.963302752293578,6.329867565269894,0.06037445283761664,8.0,7.217548278027381,4.222008245644752,0.13856441448378298,1689.9117649147784,22.0,69431.0,264.0,0.32474094373554874,10758.946427505252,0.0,0
34.44229186629976,0.0,1.408322071237004,0.1005309649148733,0.0148599762340214,0.0,35.0,1.0,0.0,0.9761904761904762,5.174450436483092,0.056541357333211174,2.0,9.194814514532673,6.863662517577698,0.3659839446010721,3921.5263338277014,53.0,18446.0,254.0,0.18111651980734056,19809.86536743159,0.0,0
48.22091144096834,0.8944271909999159,1.3049370677127716,0.1087409030988354,0.0609490372333522,9.0,35.0,1.0,0.0,0.9402985074626866,10.928274990102764,0.12368999000432637,12.0,9.630385021949147,3.385137501286538,0.20411771398429768,1846.5425479345126,16.0,103549.0,264.0,0.3800212610091821,22846.882691117775,0.0,0
48.22091144096834,0.8944271909999159,1.3127871794593526,0.0782881757747545,0.0606833421743447,9.0,35.0,1.0,0.0,0.9402985074626866,10.928274990102764,0.12368999000432637,12.0,9.991012541735222,3.9088200952233594,0.2985180346271967,1609.2713738561845,22.0,43436.0,245.0,0.2639285757200709,23908.86162493593,0.0,1
56.37571984222591,1.224744871391589,1.745111789276426,0.1461205885390601,0.0458040069724657,9.0,35.0,1.0,0.0,0.9402985074626866,10.928274990102764,0.12368999000432637,12.0,15.255449980127251,4.51351666838205,0.2474199822437556,2911.6561878260886,33.0,42853.0,254.0,0.4401034538091958,22432.017975923896,0.0,0
55.97041127357493,1.118033988749895,1.6975491969063476,0.0916673181094677,0.0226233175040738,9.0,35.0,1.0,0.0,0.9402985074626866,10.928274990102764,0.12368999000432637,12.0,14.64248505302478,6.282549314314218,0.37598538872082654,3377.925882149591,74.0,75402.0,249.0,0.2824812960598527,22130.3743026836,0.0,0
36.69257007134727,0.0,1.63542107758879,0.1491625438154394,0.0463595802279335,0.0,35.0,1.0,0.0,0.9906542056074766,3.547204636483626,0.015284309136343833,1.0,6.614750506928458,4.068428945128219,0.1302266226964196,1569.81925402096,17.0,51952.0,248.0,0.28243438369261176,16112.944777396726,0.0,0
20.10657105795829,1.14564392373896,1.881795278810688,0.1793061205378241,0.0411301908120206,10.0,35.0,1.0,0.0,0.9838709677419355,2.553537077899058,0.030351536755011097,1.0,8.459330606759082,5.527906391541368,0.07619984392756951,1980.3562341145218,33.0,82276.0,264.0,0.3098711026899157,18325.807313958445,0.0,0
27.70310625998319,1.016133230340665,1.979670747609931,0.119797747474167,0.0560124316868332,20.0,35.0,1.0,0.0,0.9438202247191011,7.558835552128911,0.15535928831603726,10.0,10.953822142425295,4.068428945128219,0.0810144584431719,1857.5524442034437,21.0,62222.0,265.0,0.3321294810058857,15159.048006706333,0.0,0
31.54596233407687,1.016133230340665,1.4046084379366277,0.2065899930932063,0.1031673185816964,20.0,35.0,1.0,0.0,0.9438202247191011,7.558835552128911,0.15535928831603726,10.0,9.807318843575866,2.985410660720923,0.13581968578729464,1108.5314002488713,12.0,81844.0,265.0,0.39119168130772686,18601.51360104676,0.0,0
18.75659189422802,0.8799971911045603,1.9713190772067797,0.1013416985028965,0.0883339772657949,20.0,35.0,1.0,0.0,0.9438202247191011,7.558835552128911,0.15535928831603726,10.0,18.31962103019037,2.985410660720923,0.4365185726534532,1105.9368812182931,30.0,31534.0,245.0,0.25949233935513394,15525.606566009134,1.0,0
15.518331023779073,1.0,1.753329725811006,0.086545252165008,0.0943383912546908,20.0,35.0,1.0,0.0,0.9885057471264368,3.9441885263225065,0.0239211591082774,5.0,14.08127143958727,5.970821321441846,0.44933882230079836,3965.0112283308763,50.0,225712.0,252.0,0.30984965542943943,24060.35851565809,0.0,0
35.32500762924446,0.0,1.9176636563907148,0.0915328229934804,0.0587979855854769,1.0,35.0,1.0,0.0,0.9894736842105263,3.624269311484774,0.020185933225165417,1.0,10.663578324135862,4.222008245644752,0.21174590515027514,1548.6472027042457,30.0,78558.0,264.0,0.2530784655812709,21111.67038643418,0.0,0
15.472500046150415,0.8660254037844386,1.6281305411547666,0.1634543524240267,0.0494054116160165,20.0,35.0,0.0,1.0,0.9738372093023255,3.301683835570414,0.1272411051925443,5.0,10.138859772752312,2.763953195770684,0.22103546855042322,870.5467951986075,11.0,63252.0,265.0,0.3790503607608777,16722.25811365441,0.0,0
35.073294962213595,0.0,1.8079744164227536,0.1119679199884792,0.0582670393463771,0.0,35.0,0.0,1.0,0.9875776397515528,4.836460964993657,0.018616001696300934,2.0,7.9448303804239675,4.652426491681278,0.10013228389675155,1444.7455714588723,26.0,20490.0,245.0,0.2066294443202148,24763.171159679052,0.0,0
37.17268688557661,0.0,1.3211210853573585,0.0598604660807972,0.0561260611729249,0.0,35.0,1.0,0.0,0.8461538461538461,13.851439515566545,0.3553163401332832,3.0,7.254501350377658,4.370193722368317,0.05755420123185617,1834.288385267009,17.0,39484.0,264.0,0.34822193306100946,11519.492141026087,0.0,0
48.25437203975383,0.0,1.456921087604473,0.1054126079418125,0.0558673964906688,0.0,35.0,1.0,0.0,0.8461538461538461,13.851439515566545,0.3553163401332832,3.0,10.583470665277954,5.292567428401227,0.3277024913986185,3055.4698372787298,42.0,59752.0,247.0,0.17822113431449882,20034.164387454217,0.0,0
24.71308183506686,0.6708203932499369,5.790933155237991,0.2133180196881958,0.1374600874721618,20.0,40.0,1.0,0.0,0.9844961240310077,4.2162183369923785,0.0692409394049097,2.0,9.372581723604918,2.256758334191025,0.16090692913135518,797.0655978038885,7.0,46549.0,265.0,0.3743323534472347,14343.888420799514,0.0,1
43.28470863624956,0.757874763926024,5.51013940351932,0.1551403779550515,0.1310243258341374,20.0,40.0,0.0,1.0,0.9873417721518988,4.651354915996875,0.03459939079974977,3.0,13.58695378937877,5.527906391541368,0.4808497456654275,3173.5729690323274,50.0,36658.0,257.0,0.20058153763045183,21641.601974448186,0.0,0
30.400231716069364,0.6324555320336759,4.282813991692645,0.2133180196881958,0.1471197174521982,20.0,40.0,1.0,0.0,0.9955056179775281,1.5125317324912275,0.02253755838230478,1.0,15.91586144101994,2.256758334191025,0.07357549721929513,973.7689959813299,11.0,38498.0,265.0,0.33338558878305447,15458.220945072595,0.0,0
0.0,0.0,0.0,0.0,0.0,0.0,50.0,1.0,0.0,0.9838709677419355,2.553537077899058,0.030351536755011097,1.0,5.535280657101982,3.385137501286538,0.21737244097855224,817.5275922285635,8.0,35216.0,264.0,0.308352982570383,12262.999934024725,0.0,0
0.0,0.0,0.0,0.0,0.0,0.0,50.0,1.0,0.0,0.9838709677419355,2.553537077899058,0.030351536755011097,1.0,10.52752112653989,5.170882945826411,0.22731831078617226,2353.005935608439,44.0,58856.0,259.0,0.23984853706303122,19458.06012470688,0.0,0
0.0,0.0,0.0,0.0,0.0,0.0,50.0,1.0,0.0,0.9838709677419355,2.553537077899058,0.030351536755011097,1.0,6.740061310062144,3.1915382432114616,0.11714663558673843,1352.5117513447497,8.0,44929.0,252.0,0.30409367364500894,15779.260614242747,0.0,1
0.0,0.0,0.0,0.0,0.0,0.0,50.0,1.0,0.0,0.9838709677419355,2.553537077899058,0.030351536755011097,1.0,9.807279313472085,7.225151993843567,0.4156931093607549,4066.693253763957,61.0,281598.0,247.0,0.37135698887140955,21429.298142650525,0.0,0
0.0,0.0,0.0,0.0,0.0,0.0,50.0,1.0,0.0,0.9838709677419355,2.553537077899058,0.030351536755011097,1.0,9.6405821012386,4.787307364817192,0.18442719998313517,1635.492518248702,25.0,46251.0,248.0,0.24691590843601074,22117.505956784124,0.0,0
0.0,0.0,0.0,0.0,0.0,0.0,50.0,1.0,0.0,0.9838709677419355,2.553537077899058,0.030351536755011097,1.0,11.497186946361056,3.385137501286538,0.2735816676924,1468.6371764056719,18.0,44193.0,248.0,0.2937859804998172,20827.50947621297,0.0,0
0.0,0.0,0.0,0.0,0.0,0.0,50.0,1.0,0.0,0.9838709677419355,2.553537077899058,0.030351536755011097,1.0,11.687885076310677,3.742410318509555,0.247556674653163,1739.6733649547782,30.0,44186.0,247.0,0.2768522510838679,21320.4304207446,0.0,0
0.0,0.0,0.0,0.0,0.0,0.0,50.0,1.0,0.0,0.9838709677419355,2.553537077899058,0.030351536755011097,1.0,5.668203754044968,3.5682482323055424,0.15858577229694404,1343.919189659017,10.0,45388.0,264.0,0.33001168074130804,16828.17845501562,0.0,0
0.0,0.0,0.0,0.0,0.0,0.0,50.0,1.0,0.0,0.9838709677419355,2.553537077899058,0.030351536755011097,1.0,10.424275114746566,5.527906391541368,0.0029469134203963243,3083.494512627387,34.0,226167.0,263.0,0.49453091979654007,20706.350661095203,0.0,0
0.0,0.0,0.0,0.0,0.0,0.0,50.0,1.0,0.0,0.9838709677419355,2.553537077899058,0.030351536755011097,1.0,10.239331541047312,3.5682482323055424,0.21353770341163325,1348.095784973391,18.0,76741.0,246.0,0.25475887013981824,20840.426641950336,0.0,0
0.0,0.0,0.0,0.0,0.0,0.0,50.0,1.0,0.0,0.9838709677419355,2.553537077899058,0.030351536755011097,1.0,10.064090466667617,2.256758334191025,0.06134351208522271,1047.683912744601,8.0,46051.0,264.0,0.3920424619227325,21946.074583464546,0.0,1
0.0,0.0,0.0,0.0,0.0,0.0,50.0,1.0,0.0,0.9838709677419355,2.553537077899058,0.030351536755011097,1.0,7.803951193113085,2.985410660720923,0.08031936647196714,1473.2943444617179,11.0,52011.0,265.0,0.35188502974725366,18783.475683573775,0.0,0
0.0,0.0,0.0,0.0,0.0,0.0,50.0,1.0,0.0,1.0,0.0,0.0,0.0,12.256486200057076,4.370193722368317,0.26757354871753647,1668.2601256833664,30.0,47587.0,247.0,0.27272776672861454,20841.31726869603,0.0,0
0.0,0.0,0.0,0.0,0.0,0.0,50.0,1.0,0.0,1.0,0.0,0.0,0.0,6.85982774154266,8.136857890256438,0.18602841190396113,4832.923311197432,62.0,13805.0,246.0,0.15512149522292107,23654.325683727497,0.0,0
0.0,0.0,0.0,0.0,0.0,0.0,50.0,1.0,0.0,1.0,0.0,0.0,0.0,6.325875521164295,6.076507779746499,0.3457572566722903,2305.5402507027825,30.0,89429.0,250.0,0.2853646965108857,21032.10992251789,0.0,0
0.0,0.0,0.0,0.0,0.0,0.0,50.0,1.0,0.0,1.0,0.0,0.0,0.0,7.20715959975299,3.742410318509555,0.1260279166729671,1187.3499909501818,14.0,64001.0,252.0,0.3881736138249019,7046.593682148998,0.0,0
0.0,0.0,0.0,0.0,0.0,0.0,50.0,1.0,0.0,1.0,0.0,0.0,0.0,16.22567419491848,5.4115163798060095,0.4900346550908563,3288.689612361193,56.0,40498.0,256.0,0.18636799979656593,23015.581355552404,1.0,0
0.0,0.0,0.0,0.0,0.0,0.0,50.0,1.0,0.0,1.0,0.0,0.0,0.0,20.209752847981488,2.985410660720923,0.2719119022964198,1306.0758860550786,36.0,69840.0,265.0,0.30358654758933734,17727.709746519846,0.0,0
0.0,0.0,0.0,0.0,0.0,0.0,50.0,1.0,0.0,1.0,0.0,0.0,0.0,11.539411524945567,5.641895835477563,0.4087042421099072,1849.4824689586878,64.0,27894.0,245.0,0.3685594927458913,10594.216921475498,0.0,0
0.0,0.0,0.0,0.0,0.0,0.0,50.0,1.0,0.0,1.0,0.0,0.0,0.0,15.423888716987848,2.256758334191025,0.040230278350120496,1056.669621473169,13.0,59706.0,264.0,0.3713108485633576,20888.746832102675,0.0,0
0.0,0.0,0.0,0.0,0.0,0.0,50.0,1.0,0.0,1.0,0.0,0.0,0.0,21.750328932804113,6.770275002573076,0.23970821351318972,4879.142291562788,97.0,30957.0,251.0,0.22352179096643066,16848.324108665296,1.0,0
0.0,0.0,0.0,0.0,0.0,0.0,50.0,1.0,0.0,1.0,0.0,0.0,0.0,20.191942748566483,4.222008245644752,0.4538586911226642,1485.0347061583634,34.0,44477.0,246.0,0.242056289982007,24018.424574492157,1.0,0
0.0,0.0,0.0,0.0,0.0,0.0,50.0,1.0,0.0,1.0,0.0,0.0,0.0,17.208683099929818,3.385137501286538,0.2381062031017418,2574.3976387470925,35.0,56377.0,259.0,0.28957130309655976,20936.027802507924,0.0,0
0.0,0.0,0.0,0.0,0.0,0.0,50.0,1.0,0.0,1.0,0.0,0.0,0.0,12.697543642701536,6.076507779746499,0.13228317231428688,2675.6174650601747,50.0,185680.0,265.0,0.3965286642986652,16749.56149718085,0.0,0
13.99627414361936,0.0,4.071864728643575,0.1111489596483381,0.0618157205759847,0.0,20.0,1.0,0.0,0.6666666666666666,8.080752644470437,1.3572882428811919,0.0,5.7206864899306025,10.280023453913834,0.10759468544949391,4357.079599803339,74.0,47804.0,246.0,0.23905620703065777,17103.06486688651,0.0,0
0.0,0.0,0.0,0.0,0.0,0.0,50.0,1.0,0.0,0.6666666666666666,8.080752644470437,1.3572882428811919,0.0,5.16306199328348,7.735777827895049,0.2848492628866084,3148.245707395982,29.0,47740.0,256.0,0.272332235750568,15510.498376266883,0.0,0
0.0,0.0,0.0,0.0,0.0,0.0,50.0,1.0,0.0,1.0,0.0,0.0,0.0,12.78297044062604,3.1915382432114616,0.26388329080759176,1652.8043094776779,20.0,45225.0,249.0,0.2372958565543981,23631.061489937572,0.0,1
0.0,0.0,0.0,0.0,0.0,0.0,50.0,1.0,0.0,1.0,0.0,0.0,0.0,7.6607316071700975,3.742410318509555,0.2552700191364512,957.8233190733806,16.0,28017.0,248.0,0.2862645631834305,13543.50059405317,0.0,1
0.0,0.0,0.0,0.0,0.0,0.0,50.0,1.0,0.0,1.0,0.0,0.0,0.0,7.627370814580626,1.9544100476116797,0.2313420571670829,915.7753796213392,4.0,67043.0,265.0,0.41192296799773453,14158.166073535062,0.0,0
0.0,0.0,0.0,0.0,0.0,0.0,50.0,1.0,0.0,1.0,0.0,0.0,0.0,10.346154926210735,4.787307364817192,0.3808824413844879,1585.3235984662642,32.0,37845.0,250.0,0.24209675673167652,27841.322202763717,0.0,0
0.0,0.0,0.0,0.0,0.0,0.0,50.0,1.0,0.0,1.0,0.0,0.0,0.0,10.626987183064694,4.068428945128219,0.15839545370829156,3104.00422871671,25.0,72765.0,259.0,0.2743272628431641,28505.729131047134,0.0,0
0.0,0.0,0.0,0.0,0.0,0.0,50.0,1.0,0.0,1.0,0.0,0.0,0.0,8.068905995199156,2.763953195770684,0.2943061371236815,808.8704639321653,10.0,50386.0,265.0,0.3500921336392947,18461.635584688946,0.0,0
0.0,0.0,0.0,0.0,0.0,0.0,50.0,1.0,0.0,1.0,0.0,0.0,0.0,10.931164715219404,6.076507779746499,0.3142606607818139,3337.58709652065,45.0,128256.0,256.0,0.33241802908499696,24027.0960409842,0.0,0
0.0,0.0,0.0,0.0,0.0,0.0,50.0,1.0,0.0,1.0,0.0,0.0,0.0,13.322189944749875,2.256758334191025,0.31683922454258184,1115.34977911224,17.0,29162.0,245.0,0.2776856435013967,21277.3708505266,0.0,0
0.0,0.0,0.0,0.0,0.0,0.0,50.0,1.0,0.0,1.0,0.0,0.0,0.0,8.970589371024095,3.742410318509555,0.1239194946584099,1302.5820408108625,13.0,88861.0,264.0,0.4457437714676491,18683.51157692791,0.0,0
0.0,0.0,0.0,0.0,0.0,0.0,50.0,1.0,0.0,1.0,0.0,0.0,0.0,9.214891358819278,2.763953195770684,0.2584793736037899,1182.845072430593,13.0,34047.0,245.0,0.26456794420595353,20905.677626624736,0.0,0
0.0,0.0,0.0,0.0,0.0,0.0,50.0,1.0,0.0,1.0,0.0,0.0,0.0,7.6722543856379035,2.256758334191025,0.10594504112582881,812.6915804517017,8.0,42224.0,264.0,0.4439714461052292,17663.066443207852,0.0,0
0.0,0.0,0.0,0.0,0.0,0.0,50.0,0.0,1.0,1.0,0.0,0.0,0.0,13.110338235797018,4.068428945128219,0.23978375956695397,2167.9584592403726,27.0,164377.0,264.0,0.451906338609526,25173.443689320175,0.0,0
0.0,0.0,0.0,0.0,0.0,0.0,50.0,0.0,1.0,1.0,0.0,0.0,0.0,10.508336335382388,3.742410318509555,0.3733973187067966,1449.0127605527555,19.0,28891.0,251.0,0.2324744287052969,23927.45440571484,0.0,0
0.0,0.0,0.0,0.0,0.0,0.0,50.0,0.0,1.0,1.0,0.0,0.0,0.0,7.597834286077964,3.5682482323055424,0.3173713225852841,782.6911386930151,13.0,72816.0,264.0,0.36892518274222297,15390.382190183622,0.0,0
0.0,0.0,0.0,0.0,0.0,0.0,50.0,1.0,0.0,0.991869918699187,1.635654362468983,0.010604430751804735,1.0,3.9360369742674752,2.763953195770684,0.04214370511622123,757.7512373533996,4.0,40810.0,264.0,0.3848954463115991,16272.822403495375,0.0,0
0.0,0.0,0.0,0.0,0.0,0.0,50.0,0.0,1.0,0.9738372093023255,3.301683835570414,0.1272411051925443,5.0,13.66432081619106,3.1915382432114616,0.45564136278488476,3012.501185561574,31.0,21033.0,248.0,0.17380976209959942,13504.981759579943,0.0,1
0.0,0.0,0.0,0.0,0.0,0.0,50.0,0.0,1.0,0.9875776397515528,4.836460964993657,0.018616001696300934,2.0,8.138810161462397,5.527906391541368,0.052545394842992144,1791.6725580239493,41.0,36424.0,251.0,0.18712270686557242,20167.72799878042,0.0,1
0.0,0.0,0.0,0.0,0.0,0.0,50.0,0.0,1.0,1.0,0.0,0.0,0.0,10.72470531617359,3.1915382432114616,0.47196880491460214,385.0166157429311,15.0,34539.0,265.0,0.3903183062925123,7523.030177779749,0.0,1
0.0,0.0,0.0,0.0,0.0,0.0,50.0,0.0,1.0,1.0,0.0,0.0,0.0,7.926465987130917,6.6755811781245455,0.367557440287667,2555.3714751573193,48.0,65305.0,249.0,0.22626421168706623,26304.158293964298,0.0,1
0.0,0.0,0.0,0.0,0.0,0.0,50.0,0.0,1.0,1.0,0.0,0.0,0.0,4.246926521944643,2.5231325220201604,0.24909592446974405,301.70194539475074,2.0,22008.0,265.0,0.3887614222623046,3532.868851802045,0.0,1
0.0,0.0,0.0,0.0,0.0,0.0,50.0,0.0,1.0,1.0,0.0,0.0,0.0,4.370444042879281,2.5231325220201604,0.1037639724888535,362.52439532553205,2.0,12692.0,265.0,0.337731050611249,3567.8850312834784,0.0,1
0.0,0.0,0.0,0.0,0.0,0.0,50.0,0.0,1.0,1.0,0.0,0.0,0.0,8.873638315151046,2.763953195770684,0.15728132201119638,581.1889805440544,9.0,36723.0,265.0,0.3922647874561477,9518.501853969425,0.0,1
0.0,0.0,0.0,0.0,0.0,0.0,50.0,0.0,1.0,0.9968454258675079,3.3121938087616964,0.0055011213644491136,1.0,10.478708204595586,3.385137501286538,0.5927522603966892,917.1456491258472,15.0,32390.0,248.0,0.2330203629965456,21845.14304993628,0.0,1
0.0,0.0,0.0,0.0,0.0,0.0,50.0,0.0,1.0,0.9924906132665833,3.779824855380791,0.019732635838435143,5.0,10.364398490029291,1.9544100476116797,0.16649646946359975,597.5813847048894,9.0,36237.0,265.0,0.3829541862289404,9987.975183429826,0.0,1
0.0,0.0,0.0,0.0,0.0,0.0,50.0,0.0,1.0,0.9924906132665833,3.779824855380791,0.019732635838435143,5.0,10.203385629443794,2.256758334191025,0.13925899118294416,485.4991471887962,8.0,35819.0,264.0,0.4039192255886964,13285.373408788932,0.0,1
0.0,0.0,0.0,0.0,0.0,0.0,50.0,0.0,1.0,0.9873417721518988,4.651354915996875,0.03459939079974977,3.0,12.47521133030383,4.068428945128219,0.44175813167301836,2419.9110417452785,32.0,68853.0,245.0,0.3433161920061466,18582.597694885706,0.0,1
0.0,0.0,0.0,0.0,0.0,0.0,50.0,0.0,1.0,1.0,0.0,0.0,0.0,8.850345825203842,2.763953195770684,0.11151783960541028,523.6776795652347,8.0,36722.0,265.0,0.41434114311296844,9797.573365450247,0.0,1
0.0,0.0,0.0,0.0,0.0,0.0,50.0,0.0,1.0,1.0,0.0,0.0,0.0,9.44657877643545,2.763953195770684,0.2170325218027973,915.2170801317491,13.0,53430.0,264.0,0.37824958402662257,13824.38757964612,0.0,1
14.926132056355602,0.8660254037844386,1.2393278361485245,0.5890486225480862,0.1579469601298935,20.0,55.0,0.0,1.0,0.9738675958188153,6.479348807759718,0.09118406140249022,26.0,3.433097720909602,2.763953195770684,0.10730138618249374,332.46315096363537,2.0,21730.0,265.0,0.3525484397113613,3750.867106774933,0.0,1
0.0,0.0,0.0,0.0,0.0,0.0,50.0,0.0,1.0,0.9830508474576272,4.939923182991926,0.0343059457498134,1.0,5.875474040561978,4.652426491681278,0.04083479621923647,1991.9469862987849,17.0,88668.0,264.0,0.3176333776343271,21417.609610020907,0.0,1
0.0,0.0,0.0,0.0,0.0,0.0,50.0,0.0,1.0,0.9738675958188153,6.479348807759718,0.09118406140249022,26.0,13.594071095656645,3.742410318509555,0.40813276579070756,1630.6586945241431,30.0,115255.0,265.0,0.43688889671320197,15616.102882815854,0.0,1
0.0,0.0,0.0,0.0,0.0,0.0,50.0,0.0,1.0,0.9901960784313726,2.596470069406123,0.019883206349612156,2.0,16.817430883367884,4.918490759365935,0.5645900876616847,2120.7122428720445,59.0,132184.0,249.0,0.28065388821734893,19119.54799204392,1.0,1
0.0,0.0,0.0,0.0,0.0,0.0,50.0,0.0,1.0,0.98989898989899,4.234449580629512,0.022391364329494814,1.0,7.972662534068829,4.068428945128219,0.3182448421092037,2046.3740103645016,23.0,41798.0,250.0,0.20685508117859308,19325.318951183704,0.0,1
0.0,0.0,0.0,0.0,0.0,0.0,50.0,0.0,1.0,0.98989898989899,4.234449580629512,0.022391364329494814,1.0,7.967906759135525,3.9088200952233594,0.23524369241319365,2145.593500303614,17.0,77208.0,250.0,0.3039549836192492,20750.700901615375,0.0,1
0.0,0.0,0.0,0.0,0.0,0.0,50.0,0.0,1.0,0.9873949579831933,3.580072382212082,0.04771619487544988,1.0,13.891117979965722,4.068428945128219,0.531606345309045,2263.0684238391946,30.0,113418.0,264.0,0.38330277816951086,21129.775253616644,0.0,1
14.653896846034318,0.7071067811865476,1.7220433755320983,0.1638472359015085,0.1005803902198073,20.0,55.0,0.0,1.0,0.9738372093023255,3.301683835570414,0.1272411051925443,5.0,4.887279091077062,5.292567428401227,0.37709180569070555,873.2802677010391,11.0,11087.0,258.0,0.286431521462546,5948.296106151223,0.0,1
0.0,0.0,0.0,0.0,0.0,0.0,50.0,0.0,1.0,0.9901960784313726,2.596470069406123,0.019883206349612156,2.0,3.183704199960012,3.1915382432114616,0.22215080227033157,404.4594728360419,1.0,23117.0,246.0,0.3612269207861827,4193.180177383271,0.0,1
0.0,0.0,0.0,0.0,0.0,0.0,50.0,0.0,1.0,0.9901960784313726,2.596470069406123,0.019883206349612156,2.0,9.425190444212893,3.5682482323055424,0.27299210911003113,1037.7527249243606,18.0,37438.0,252.0,0.29978373901440236,12218.8342035898,0.0,1
0.0,0.0,0.0,0.0,0.0,0.0,50.0,0.0,1.0,0.9901960784313726,2.596470069406123,0.019883206349612156,2.0,2.6315677861769387,3.1915382432114616,0.1465551108385027,423.56319593298423,0.0,20213.0,264.0,0.3417783105344807,527.585675192127,0.0,1
0.0,0.0,0.0,0.0,0.0,0.0,50.0,0.0,1.0,0.9897959183673469,3.467804711632381,0.040403105801034324,2.0,9.547642364474669,2.256758334191025,0.03812511236206295,1055.7992417744458,6.0,50784.0,265.0,0.3127561931919446,17561.284917037196,0.0,1
0.0,0.0,0.0,0.0,0.0,0.0,50.0,0.0,1.0,0.9901960784313726,2.596470069406123,0.019883206349612156,2.0,12.196840404084481,2.985410660720923,0.2843584491464536,1150.2007017100564,14.0,12300.0,250.0,0.272360698500109,22864.962558731633,0.0,1
0.0,0.0,0.0,0.0,0.0,0.0,50.0,0.0,1.0,0.9738675958188153,6.479348807759718,0.09118406140249022,26.0,16.811064710329198,4.068428945128219,0.5487692308551313,4642.58916004564,44.0,21008.0,255.0,0.24201856496044938,20169.312659294428,1.0,1
0.0,0.0,0.0,0.0,0.0,0.0,50.0,0.0,1.0,0.9738675958188153,6.479348807759718,0.09118406140249022,26.0,6.92000585121957,2.256758334191025,0.12138898593117753,524.5245009652901,5.0,26514.0,264.0,0.35660214123499556,8862.795025297037,0.0,1
0.0,0.0,0.0,0.0,0.0,0.0,50.0,1.0,0.0,1.0,0.0,0.0,0.0,22.17993969943979,3.385137501286538,0.04269297146179285,2438.2065889922483,24.0,132711.0,265.0,0.38733006393941294,25045.777206054016,0.0,0
0.0,0.0,0.0,0.0,0.0,0.0,50.0,1.0,0.0,0.9959016393442623,0.4712757963697086,0.03402317989845237,0.0,29.43018622543322,3.9088200952233594,0.23150307246117618,1974.0361125587556,41.0,57824.0,254.0,0.2692340044581436,20114.198658325273,1.0,0
0.0,0.0,0.0,0.0,0.0,0.0,50.0,1.0,0.0,0.9817073170731707,5.475451994895557,0.05666841230092529,4.0,21.076634092730302,3.1915382432114616,0.12584617916222807,2921.6610344002625,27.0,157743.0,264.0,0.500812271401943,21388.644409391425,0.0,0
0.0,0.0,0.0,0.0,0.0,0.0,50.0,0.0,1.0,1.0,0.0,0.0,0.0,22.248543115773764,8.667244841319219,0.43081814335759894,9924.857070102848,126.0,380182.0,263.0,0.4481310184890618,18843.237215139765,1.0,1
0.0,0.0,0.0,0.0,0.0,0.0,50.0,1.0,0.0,0.99375,2.0541066476057144,0.0198447426362602,1.0,13.218932487314492,2.5231325220201604,0.1735418904061704,2222.5061086062137,19.0,75143.0,265.0,0.34159164540894393,17187.275435390446,0.0,1
0.0,0.0,0.0,0.0,0.0,0.0,50.0,0.0,1.0,1.0,0.0,0.0,0.0,29.629294807037443,4.51351666838205,0.3793499629694963,2377.336097381014,69.0,25244.0,248.0,0.18704239532133127,13685.829822088743,1.0,1
0.0,0.0,0.0,0.0,0.0,0.0,50.0,0.0,1.0,0.9968454258675079,3.3121938087616964,0.0055011213644491136,1.0,10.626987183064694,3.742410318509555,0.19682298170107915,1473.2943444617179,20.0,49342.5,258.0,0.30984965542943943,18783.475683573775,0.0,0
0.0,0.0,0.0,0.0,0.0,0.0,50.0,0.0,1.0,0.9873417721518988,4.651354915996875,0.03459939079974977,3.0,12.710042667986693,3.1915382432114616,0.09393990833695876,692.2820499354991,18.0,-430.0,245.0,0.22392061813355568,15868.922512092533,0.0,0
0.0,0.0,0.0,0.0,0.0,0.0,50.0,1.0,0.0,0.9771428571428571,3.542881839385394,0.040381358955195755,4.0,3.58208111422179,1.5957691216057308,0.04976130552528513,691.7632783884278,1.0,9638.0,262.0,0.32555832949925734,1272.7922061357856,0.0,0
0.0,0.0,0.0,0.0,0.0,0.0,50.0,1.0,0.0,1.0,0.0,0.0,0.0,15.81244116035314,6.383076486422923,0.5408688516210713,2875.7168935431882,67.0,55649.0,248.0,0.1865314212212288,24863.43821697995,1.0,0
0.0,0.0,0.0,0.0,0.0,0.0,50.0,1.0,0.0,1.0,0.0,0.0,0.0,3.732444212551333,2.5231325220201604,0.23500569153246575,698.1385830893206,3.0,37920.0,264.0,0.3138156933513928,10752.385457018037,0.0,1
0.0,0.0,0.0,0.0,0.0,0.0,50.0,1.0,0.0,1.0,0.0,0.0,0.0,13.053905302424381,2.985410660720923,0.0430951251857421,1185.9440402545792,10.0,-13849.0,264.0,0.3502753430273827,28708.31015674545,0.0,0
0.0,0.0,0.0,0.0,0.0,0.0,50.0,1.0,0.0,1.0,0.0,0.0,0.0,8.329369633441672,2.985410660720923,0.09312441430854146,1238.598882702832,7.0,60936.0,264.0,0.36060904267155924,24383.03956625832,0.0,1
0.0,0.0,0.0,0.0,0.0,0.0,50.0,1.0,0.0,1.0,0.0,0.0,0.0,4.45794145740031,4.918490759365935,0.4107686443649965,1192.8507380690842,9.0,63452.0,251.0,0.8466819901957654,16631.09679003928,0.0,0
0.0,0.0,0.0,0.0,0.0,0.0,50.0,1.0,0.0,1.0,0.0,0.0,0.0,12.194528796334628,4.918490759365935,0.15346012439497714,3485.4269246122635,42.0,151650.0,247.0,0.32380339329013075,28173.20843260171,0.0,0
0.0,0.0,0.0,0.0,0.0,0.0,50.0,1.0,0.0,1.0,0.0,0.0,0.0,1.2680374930374225,12.716187407449045,0.09084134652977449,614.0720332745868,0.0,3475.0,263.0,0.2997746055597298,1066.6516705089537,0.0,0
0.0,0.0,0.0,0.0,0.0,0.0,50.0,1.0,0.0,1.0,0.0,0.0,0.0,6.048205409212163,2.5231325220201604,0.1939621389391184,1163.597819120874,5.0,55686.0,265.0,0.2963502009235529,17582.447605753707,0.0,0
0.0,0.0,0.0,0.0,0.0,0.0,50.0,1.0,0.0,1.0,0.0,0.0,0.0,11.070553359909244,3.385137501286538,0.09406161809320523,836.6846039175695,14.0,-50481.0,264.0,0.580874921598326,22537.896395766584,0.0,0
0.0,0.0,0.0,0.0,0.0,0.0,50.0,0.0,1.0,1.0,0.0,0.0,0.0,4.063791311545312,2.763953195770684,0.049157012769928565,516.4236869568532,2.0,20063.0,264.0,0.340308819627294,4198.396172969664,0.0,0
0.0,0.0,0.0,0.0,0.0,0.0,50.0,0.0,1.0,1.0,0.0,0.0,0.0,7.528498046324881,2.985410660720923,0.016612378036380604,960.5398477158305,8.0,37192.0,265.0,0.32365101352423065,9844.212115912927,0.0,0
0.0,0.0,0.0,0.0,0.0,0.0,50.0,1.0,0.0,1.0,0.0,0.0,0.0,15.12860121189348,5.527906391541368,0.3320896916384597,2543.286904448933,53.0,101159.0,248.0,0.30845508004464517,24381.55320578646,1.0,0
0.0,0.0,0.0,0.0,0.0,0.0,50.0,1.0,0.0,1.0,0.0,0.0,0.0,17.058116242584244,2.5231325220201604,0.042056875551943484,1033.20963500434,10.0,53342.0,264.0,0.3724443588014261,24057.65804666174,0.0,0
0.0,0.0,0.0,0.0,0.0,0.0,50.0,1.0,0.0,1.0,0.0,0.0,0.0,11.65968717986595,3.1915382432114616,0.05081779313270385,1444.371572161864,12.0,62434.0,265.0,0.32692832679803463,24604.832342321894,0.0,1
0.0,0.0,0.0,0.0,0.0,0.0,50.0,1.0,0.0,1.0,0.0,0.0,0.0,14.779735184138033,3.5682482323055424,0.12501269279962623,1460.010465589379,21.0,57871.0,265.0,0.30738815015644516,20834.888693841065,0.0,0
0.0,0.0,0.0,0.0,0.0,0.0,50.0,1.0,0.0,0.9906542056074766,1.3877142713605404,0.04952733382466417,3.0,10.229928193806515,2.985410660720923,0.09270660105578998,1050.1148053868367,12.0,58408.0,264.0,0.40549938424282594,15347.677730535064,0.0,0
0.0,0.0,0.0,0.0,0.0,0.0,50.0,1.0,0.0,1.0,0.0,0.0,0.0,15.514219406995526,3.5682482323055424,0.1591423489082241,1842.736771305257,28.0,66166.0,264.0,0.35503551408572254,21959.820293197292,0.0,1
0.0,0.0,0.0,0.0,0.0,0.0,50.0,1.0,0.0,1.0,0.0,0.0,0.0,11.915988092513803,4.370193722368317,0.08904517712076598,1208.7040119059182,36.0,65896.0,265.0,0.29306859157173426,15449.140211042217,0.0,1
0.0,0.0,0.0,0.0,0.0,0.0,50.0,1.0,0.0,1.0,0.0,0.0,0.0,8.393504725619382,3.742410318509555,0.06321250133711731,1651.0207709088284,14.0,106258.0,265.0,0.349822697852076,22210.42742678386,0.0,0
0.0,0.0,0.0,0.0,0.0,0.0,50.0,1.0,0.0,1.0,0.0,0.0,0.0,12.27915464300876,4.370193722368317,0.06042178840693191,1909.3371730866104,25.0,60729.0,264.0,0.2588751184899666,23182.930990844394,0.0,0
0.0,0.0,0.0,0.0,0.0,0.0,50.0,1.0,0.0,1.0,0.0,0.0,0.0,7.925590060171967,4.652426491681278,0.11041505612034008,3177.057626386468,30.0,87146.0,254.0,0.26549932519533037,21032.775433429677,0.0,0
0.0,0.0,0.0,0.0,0.0,0.0,50.0,1.0,0.0,1.0,0.0,0.0,0.0,14.78647537376787,4.068428945128219,0.0532522575413823,2045.9486617912678,33.0,109206.5,260.0,0.33718518518518537,17662.607836136507,0.0,0
0.0,0.0,0.0,0.0,0.0,0.0,50.0,1.0,0.0,1.0,0.0,0.0,0.0,10.380796434321715,7.735777827895049,0.14959369086846064,3201.416266549553,66.0,82100.0,254.0,0.3212491410246623,22063.39484501465,0.0,0
0.0,0.0,0.0,0.0,0.0,0.0,50.0,1.0,0.0,1.0,0.0,0.0,0.0,5.805203037452812,4.787307364817192,0.2606194639791616,1044.9928878275196,17.0,53856.0,248.0,0.2614004059278062,11610.91179081986,0.0,1
0.0,0.0,0.0,0.0,0.0,0.0,50.0,1.0,0.0,1.0,0.0,0.0,0.0,16.062510637640546,4.222008245644752,0.31582353026606835,1934.1862563223963,36.0,45550.0,245.0,0.23194172668159485,24952.149337304487,1.0,0
0.0,0.0,0.0,0.0,0.0,0.0,50.0,1.0,0.0,0.9802816901408451,4.291762501454023,0.06441612127628774,6.0,17.22025120808819,3.385137501286538,0.06173481455689145,1702.5504500251618,29.0,63059.0,256.0,0.32089071453829443,16890.653969293457,0.0,0
0.0,0.0,0.0,0.0,0.0,0.0,50.0,1.0,0.0,1.0,0.0,0.0,0.0,18.469281800873965,5.170882945826411,0.5087894753097753,1929.0991662084025,46.0,60029.0,246.0,0.21664140167806545,21119.937662426786,1.0,0
0.0,0.0,0.0,0.0,0.0,0.0,50.0,1.0,0.0,1.0,0.0,0.0,0.0,10.177325443156477,2.5231325220201604,0.03956355254542565,753.4484224259614,9.0,38768.0,265.0,0.35317899958660626,10798.304207107003,0.0,1
0.0,0.0,0.0,0.0,0.0,0.0,50.0,1.0,0.0,0.9883040935672515,2.4680956792593616,0.027773259928311988,2.0,10.856509148693375,4.370193722368317,0.2648743734613155,2033.7395568069007,30.0,73046.0,255.0,0.25225123963287355,20873.88680023868,0.0,0
0.0,0.0,0.0,0.0,0.0,0.0,50.0,1.0,0.0,1.0,0.0,0.0,0.0,15.600076783698851,2.5231325220201604,0.053544900082408864,2124.004690158055,20.0,101786.0,264.0,0.3491545705497845,20735.958279253275,0.0,0
0.0,0.0,0.0,0.0,0.0,0.0,50.0,1.0,0.0,1.0,0.0,0.0,0.0,11.166424326034322,4.222008245644752,0.2385617060648877,1569.7564461975824,32.0,56172.0,254.0,0.23882312942549855,16519.11373515783,0.0,0
0.0,0.0,0.0,0.0,0.0,0.0,50.0,1.0,0.0,1.0,0.0,0.0,0.0,11.616134205923487,5.292567428401227,0.27856540274541575,2613.1225818380467,44.0,88096.0,255.0,0.2965285340301199,25108.45742753555,0.0,1
0.0,0.0,0.0,0.0,0.0,0.0,50.0,1.0,0.0,1.0,0.0,0.0,0.0,5.680280936065258,5.753627391751592,0.09409635815026896,2483.2630806413736,22.0,39808.5,250.0,0.2510966626509349,19489.451659630922,0.0,0
0.0,0.0,0.0,0.0,0.0,0.0,50.0,1.0,0.0,1.0,0.0,0.0,0.0,6.91890481786538,3.385137501286538,0.23061902901787168,884.8445782460457,11.0,29757.0,249.0,0.29134702511195365,11329.671252153099,0.0,1
0.0,0.0,0.0,0.0,0.0,0.0,50.0,1.0,0.0,0.9977728285077951,0.4392600022472396,0.007484784111645761,0.0,22.283278620207824,6.282549314314218,0.5139054341199722,3935.018528086892,58.0,166183.0,249.0,0.2892056104858095,26571.343438357908,1.0,1
0.0,0.0,0.0,0.0,0.0,0.0,50.0,1.0,0.0,1.0,0.0,0.0,0.0,8.397331295649625,3.1915382432114616,0.35916208545763073,1199.2463901294711,15.0,44256.0,254.0,0.32307808878087685,15129.012062490045,0.0,1
0.0,0.0,0.0,0.0,0.0,0.0,50.0,1.0,0.0,1.0,0.0,0.0,0.0,16.069395851801985,4.370193722368317,0.45898754732454106,1513.6215782460986,34.0,68617.0,246.0,0.2910241820768138,19224.652260380448,1.0,0
0.0,0.0,0.0,0.0,0.0,0.0,50.0,1.0,0.0,1.0,0.0,0.0,0.0,14.970115530634537,3.9088200952233594,0.13851756314341535,1438.2722702111541,28.0,69181.0,265.0,0.3346424912291598,16084.695043873651,0.0,0
0.0,0.0,0.0,0.0,0.0,0.0,50.0,1.0,0.0,0.975,3.488119286514681,0.05425506177153785,2.0,6.80076466721041,4.51351666838205,0.09009199188285766,1901.2890513550303,22.0,95446.0,248.0,0.2802119011995102,21957.51366644573,0.0,0
0.0,0.0,0.0,0.0,0.0,0.0,50.0,1.0,0.0,1.0,0.0,0.0,0.0,15.179266848651137,4.51351666838205,0.3203639634283125,1985.3624543557862,37.0,78740.0,265.0,0.3248640636419543,23031.71407105757,1.0,1
0.0,0.0,0.0,0.0,0.0,0.0,50.0,1.0,0.0,1.0,0.0,0.0,0.0,15.968110847130076,3.742410318509555,0.2439918991100617,2127.2267929918885,36.0,41876.0,257.0,0.24412408184633572,20673.259236983547,0.0,1
0.0,0.0,0.0,0.0,0.0,0.0,50.0,1.0,0.0,1.0,0.0,0.0,0.0,8.031174630831798,3.5682482323055424,0.24619487531712747,1162.6682881282316,18.0,13112.0,250.0,0.24530586873579996,14684.884795894563,0.0,0
0.0,0.0,0.0,0.0,0.0,0.0,50.0,1.0,0.0,1.0,0.0,0.0,0.0,8.960774733315763,4.068428945128219,0.19524526933452335,1778.1952613360124,19.0,81145.0,263.0,0.30299858042701344,24774.871717854687,0.0,0
0.0,0.0,0.0,0.0,0.0,0.0,50.0,1.0,0.0,1.0,0.0,0.0,0.0,11.278885702870626,3.5682482323055424,0.28635556107294213,1281.6606736460585,27.0,39390.0,246.0,0.2706438240018407,15660.276311245949,0.0,1
0.0,0.0,0.0,0.0,0.0,0.0,50.0,1.0,0.0,1.0,0.0,0.0,0.0,12.372302371660902,5.170882945826411,0.21448713314120482,2143.5595928631483,37.0,50110.0,259.0,0.2730177619419837,26467.744864910106,0.0,1
0.0,0.0,0.0,0.0,0.0,0.0,50.0,1.0,0.0,0.9906542056074766,1.3877142713605404,0.04952733382466417,3.0,15.306594143678636,3.385137501286538,0.17964515030034323,1216.8928538034631,19.0,65974.5,264.0,0.3300822312862064,16131.273045430149,0.0,0
0.0,0.0,0.0,0.0,0.0,0.0,50.0,1.0,0.0,1.0,0.0,0.0,0.0,14.708944757103495,3.9088200952233594,0.1381949646669296,1713.75801057355,31.0,52241.0,248.0,0.28827627600249217,23917.80765199988,0.0,0
0.0,0.0,0.0,0.0,0.0,0.0,50.0,1.0,0.0,0.9977728285077951,0.4392600022472396,0.007484784111645761,0.0,14.223662671525863,3.9088200952233594,0.1157985869546242,1446.1393828833548,24.0,62028.0,264.0,0.3275461858882638,12941.440657137062,0.0,0
0.0,0.0,0.0,0.0,0.0,0.0,50.0,1.0,0.0,0.993006993006993,2.652733268139849,0.020864258737402396,3.0,14.567636824767634,3.1915382432114616,0.2904501397675745,1471.1236227033844,18.0,70436.5,265.0,0.3472279375530257,20094.289481927874,0.0,1
0.0,0.0,0.0,0.0,0.0,0.0,50.0,1.0,0.0,1.0,0.0,0.0,0.0,11.47087495156057,3.9088200952233594,0.19129542142545441,1035.034899968071,20.0,32339.0,252.0,0.27121185744434595,15636.886417950573,0.0,0
0.0,0.0,0.0,0.0,0.0,0.0,50.0,1.0,0.0,1.0,0.0,0.0,0.0,15.658568598920798,3.1915382432114616,0.05281942137625195,1045.800833282676,14.0,70219.0,264.0,0.41239345187694065,19496.49861752177,0.0,0
0.0,0.0,0.0,0.0,0.0,0.0,50.0,1.0,0.0,1.0,0.0,0.0,0.0,11.1206725284718,5.753627391751592,0.38707533432783026,3700.445306515605,46.0,46104.0,248.0,0.18658596233798008,23686.133805733534,0.0,0
0.0,0.0,0.0,0.0,0.0,0.0,50.0,1.0,0.0,1.0,0.0,0.0,0.0,7.173559704019565,4.068428945128219,0.1075585950711826,1237.4803738332314,13.0,31222.5,254.0,0.31677943673893616,17829.622530283617,0.0,0
0.0,0.0,0.0,0.0,0.0,0.0,50.0,1.0,0.0,1.0,0.0,0.0,0.0,11.163774764217871,2.985410660720923,0.08701967000678701,1184.9992261268928,13.0,55698.0,264.0,0.27875869959004695,14616.832931700763,0.0,1
0.0,0.0,0.0,0.0,0.0,0.0,50.0,1.0,0.0,1.0,0.0,0.0,0.0,18.494742009216466,3.5682482323055424,0.47387032905113124,1628.2574320004426,34.0,45199.5,250.0,0.24539401543066597,19979.835509938384,1.0,1
0.0,0.0,0.0,0.0,0.0,0.0,50.0,1.0,0.0,1.0,0.0,0.0,0.0,18.62436948985289,2.763953195770684,0.3413265017691778,847.1744477368638,19.0,48487.0,246.0,0.2486353906528722,19908.406485554424,1.0,0
0.0,0.0,0.0,0.0,0.0,0.0,50.0,1.0,0.0,1.0,0.0,0.0,0.0,15.961299736614484,2.763953195770684,0.058619561072970616,1183.1520331959498,14.0,57203.0,264.0,0.3317931497649431,20613.976076111605,0.0,0
0.0,0.0,0.0,0.0,0.0,0.0,50.0,1.0,0.0,1.0,0.0,0.0,0.0,8.634373850728172,6.180387232371033,0.3418049089913644,2446.360851496215,49.0,92441.0,248.0,0.22485022024351908,23272.67652837184,0.0,0
0.0,0.0,0.0,0.0,0.0,0.0,50.0,1.0,0.0,1.0,0.0,0.0,0.0,8.333816926537022,3.5682482323055424,0.28617339206576164,1088.987615942048,15.0,30355.0,252.0,0.29830183919644104,16595.24962731976,0.0,1
0.0,0.0,0.0,0.0,0.0,0.0,50.0,1.0,0.0,0.9977728285077951,0.4392600022472396,0.007484784111645761,0.0,12.437927373627153,3.385137501286538,0.02381146969604231,1494.1648633866898,15.0,82014.0,264.0,0.4033901594798307,20802.863797584923,0.0,0
0.0,0.0,0.0,0.0,0.0,0.0,50.0,1.0,0.0,1.0,0.0,0.0,0.0,10.155943872876376,3.1915382432114616,0.16955233660150848,1391.3694724397558,14.0,44439.0,259.0,0.3207463502727246,20735.676871475323,0.0,1
